,absences,failures,grade1,traveltime,studytime,famrel,freetime,goout,Dalc,Walc,health,activities,nursery,internet,romantic,school_gp,address_urban,famsize_gt3,Pstatus_togethor,sex_female,health_mjob,other_mjob,services_mjob,teacher_mjob,health_fjob,other_fjob,services_fjob,teacher_fjob,home_reason,other_reason,reputation_reason,mother_guardian,other_guardian
0,12,0,15,1,1,3,2,1,1,4,5,0,1,1,0,1,1,1,0,1,0,0,1,0,0,1,0,0,0,0,0,0,0
1,2,0,17,1,2,5,3,4,1,3,3,1,0,1,0,1,1,1,1,1,0,1,0,0,0,1,0,0,0,0,0,1,0
2,0,2,9,2,1,4,4,5,3,5,5,0,0,1,0,1,1,0,1,0,1,0,0,0,0,0,1,0,0,0,0,1,0
3,4,0,14,2,2,4,4,3,1,1,3,1,1,1,0,0,1,1,1,0,0,1,0,0,0,0,1,0,1,0,0,0,0
4,2,0,12,2,1,4,3,2,1,4,5,0,1,0,0,1,1,1,1,1,0,0,0,0,0,1,0,0,1,0,0,1,0
5,2,0,11,2,1,3,3,4,4,5,4,1,1,1,1,1,1,0,1,0,0,0,1,0,0,0,1,0,0,0,0,1,0
6,6,0,11,2,2,1,1,1,1,1,5,1,1,0,0,0,1,1,1,1,0,1,0,0,0,1,0,0,0,0,0,1,0
7,0,0,13,2,1,1,5,1,3,5,5,0,1,1,1,0,0,1,1,1,0,0,0,1,0,1,0,0,0,0,0,1,0
8,10,0,7,1,2,4,4,4,1,1,5,0,1,1,0,1,1,0,1,1,0,0,1,0,0,1,0,0,0,0,1,1,0
9,4,0,9,3,2,3,4,5,1,2,5,0,0,0,0,0,0,1,1,0,0,1,0,0,1,0,0,0,0,1,0,1,0
10,0,0,12,1,1,4,3,3,1,3,5,1,1,1,0,1,1,0,1,0,1,0,0,0,0,0,1,0,0,0,0,0,0
11,6,0,16,1,2,4,3,3,1,3,5,1,1,1,1,1,1,0,1,0,0,0,1,0,0,1,0,0,1,0,0,1,0
12,7,0,6,3,1,4,4,3,2,2,5,1,1,1,1,0,0,1,1,1,0,0,0,1,0,0,0,0,0,0,1,1,0
13,0,0,11,1,2,4,3,3,2,3,5,1,1,1,0,1,1,1,1,0,0,0,0,1,0,1,0,0,1,0,0,1,0
14,4,0,8,1,2,4,3,4,1,2,2,0,1,0,0,1,1,0,1,1,0,0,0,0,0,1,0,0,0,0,0,1,0
15,20,1,9,3,2,5,2,4,1,4,5,1,1,1,0,1,0,1,1,0,0,1,0,0,0,1,0,0,0,0,0,0,0
16,14,2,6,1,1,1,2,2,1,3,5,0,0,1,0,1,1,1,1,1,0,0,1,0,0,0,1,0,1,0,0,1,0
17,2,0,11,1,2,4,4,4,3,3,5,0,1,1,0,1,1,1,1,1,0,0,0,1,0,1,0,0,0,0,0,1,0
18,11,0,12,1,1,4,3,3,1,2,5,1,1,1,0,0,1,0,0,0,0,0,1,0,0,0,1,0,0,0,0,1,0
19,0,1,8,3,1,5,2,1,1,2,1,0,1,1,1,0,0,1,1,1,0,1,0,0,0,0,1,0,0,0,1,1,0
20,0,0,8,1,1,3,1,3,1,3,1,1,1,1,0,0,1,1,1,1,0,1,0,0,0,1,0,0,0,0,0,1,0
21,0,0,13,1,2,5,2,5,1,1,5,0,1,1,0,0,1,1,1,1,1,0,0,0,1,0,0,0,0,0,0,0,0
22,0,0,12,1,2,3,3,4,1,1,4,0,1,1,0,1,1,1,0,1,0,1,0,0,0,1,0,0,0,0,1,1,0
23,6,0,10,4,4,1,3,5,3,5,1,1,1,1,1,1,0,1,1,0,0,1,0,0,0,1,0,0,1,0,0,0,0
24,2,0,8,1,2,3,3,2,1,1,3,0,0,0,1,0,0,1,0,1,1,0,0,0,0,1,0,0,0,0,0,1,0
25,2,0,14,2,1,3,3,2,1,3,3,1,0,0,0,1,0,1,1,0,0,1,0,0,0,1,0,0,0,0,0,1,0
26,0,0,13,2,3,4,2,2,2,2,5,0,1,1,1,0,1,0,1,0,0,0,0,1,0,0,1,0,0,1,0,1,0
27,24,1,18,2,1,4,2,4,2,3,2,0,1,1,0,1,1,1,1,1,0,0,1,0,0,0,0,1,1,0,0,1,0
28,4,0,15,1,1,2,2,4,2,4,1,0,1,1,0,1,1,1,1,0,1,0,0,0,0,0,1,0,0,1,0,1,0
29,4,0,10,2,1,5,4,4,2,3,5,0,1,1,0,0,0,1,1,1,0,0,0,0,0,1,0,0,0,0,0,1,0
30,11,0,12,1,2,4,3,2,1,4,5,1,1,1,1,1,1,1,1,0,0,0,0,1,0,1,0,0,1,0,0,1,0
31,2,0,9,1,2,4,3,2,1,1,5,1,1,1,0,1,1,0,1,0,0,1,0,0,0,0,0,0,1,0,0,0,0
32,2,0,12,1,3,4,4,2,1,2,4,0,1,1,0,1,1,0,0,0,1,0,0,0,0,1,0,0,0,0,1,1,0
33,0,0,13,2,1,5,3,3,1,1,3,0,1,1,0,1,1,1,1,0,0,1,0,0,0,1,0,0,1,0,0,0,0
34,0,0,14,1,4,2,2,1,1,1,5,1,1,1,0,0,1,1,1,1,0,1,0,0,0,1,0,0,0,0,0,0,1
35,10,0,16,1,2,4,4,4,1,2,5,0,1,1,0,1,1,0,0,0,0,1,0,0,0,1,0,0,0,0,1,1,0
36,0,0,11,1,2,4,5,2,1,2,3,0,1,1,0,1,1,0,1,1,0,0,0,1,0,0,0,1,0,0,1,1,0
37,0,0,13,2,2,3,2,2,1,2,3,0,0,0,0,0,0,1,1,1,0,1,0,0,0,0,1,0,0,0,0,0,0
38,4,0,12,1,1,5,3,4,1,2,1,1,0,1,0,1,1,1,1,1,0,1,0,0,0,1,0,0,0,0,1,1,0
39,10,0,10,1,2,5,4,5,1,3,5,1,1,1,1,1,1,1,1,0,1,0,0,0,0,1,0,0,0,0,1,0,0
40,4,0,12,3,1,4,2,3,3,4,4,0,0,0,0,0,0,1,1,0,0,1,0,0,0,0,1,0,0,1,0,0,0
41,4,3,6,2,1,3,2,1,1,1,3,1,1,0,0,0,1,1,1,0,0,0,0,0,0,0,1,0,0,0,0,1,0
42,0,1,12,3,1,4,3,2,1,1,4,0,1,0,0,0,0,1,1,0,0,0,0,0,0,0,0,0,0,0,0,0,1
43,0,0,13,1,3,4,3,3,2,2,3,1,1,1,0,1,1,1,1,0,0,1,0,0,0,1,0,0,0,0,0,1,0
44,2,0,11,2,1,3,3,3,1,1,4,1,0,1,0,1,0,1,1,0,0,0,1,0,0,1,0,0,0,0,1,1,0
45,8,0,15,1,2,3,2,2,1,1,5,1,1,0,0,1,1,1,1,0,0,0,0,1,1,0,0,0,0,0,1,1,0
46,2,0,15,2,2,4,3,1,1,1,5,1,1,1,0,1,1,1,1,0,0,0,1,0,0,0,1,0,0,0,1,1,0
47,0,0,9,2,1,5,2,1,1,3,4,0,1,0,1,0,0,0,1,1,0,0,0,0,0,1,0,0,0,0,0,1,0
48,8,0,8,3,1,5,5,5,5,5,3,1,1,0,1,0,0,1,1,0,0,1,0,0,0,1,0,0,0,1,0,1,0
49,2,0,10,1,3,3,4,4,2,4,4,1,1,1,0,1,1,1,1,1,0,0,0,1,1,0,0,0,1,0,0,1,0
50,6,0,11,2,1,3,4,4,3,4,5,1,1,0,0,0,0,1,1,0,0,0,0,0,0,1,0,0,0,1,0,0,0
51,2,0,12,1,2,5,3,3,1,3,3,0,0,1,0,1,1,0,1,0,0,0,1,0,0,0,1,0,0,0,1,0,0
52,0,0,13,2,1,5,4,2,1,1,5,1,1,1,0,1,1,1,1,0,0,1,0,0,0,0,1,0,1,0,0,0,0
53,0,0,16,1,2,4,4,2,5,5,4,1,0,1,1,1,1,0,1,0,0,1,0,0,0,1,0,0,1,0,0,0,0
54,8,1,10,3,2,5,4,4,3,3,2,0,1,1,0,0,0,1,1,0,0,1,0,0,0,0,1,0,1,0,0,0,1
55,0,0,14,1,3,5,4,5,2,3,5,0,1,1,1,1,1,1,1,0,0,0,0,1,0,1,0,0,0,0,0,1,0
56,0,1,10,2,4,5,4,5,3,4,5,1,1,0,0,0,1,1,1,0,0,0,1,0,0,0,0,0,0,0,0,1,0
57,2,0,14,1,1,3,4,4,3,3,1,0,1,1,0,1,1,0,1,1,0,0,0,0,0,0,0,0,0,0,0,1,0
58,0,0,11,1,1,5,3,4,2,2,5,0,0,0,1,1,0,1,1,0,0,0,0,0,0,0,1,0,1,0,0,0,1
59,0,0,15,1,2,4,2,3,1,2,5,1,1,1,1,1,1,0,1,0,0,1,0,0,0,1,0,0,0,0,0,1,0
60,0,3,8,4,1,4,5,5,2,5,5,0,1,1,0,1,1,0,0,0,0,0,1,0,0,1,0,0,0,0,0,1,0
61,4,0,0,2,2,4,3,4,1,1,3,0,1,0,0,1,1,1,0,1,0,0,0,0,0,0,0,1,0,0,0,1,0
62,8,0,12,2,1,3,2,4,1,4,1,0,1,1,0,1,1,0,1,1,1,0,0,0,0,0,1,0,0,0,0,1,0
63,8,0,12,2,1,3,3,3,1,2,1,1,1,0,1,1,0,1,1,1,0,1,0,0,0,0,1,0,0,0,1,1,0
64,0,0,13,1,3,5,3,2,1,1,5,1,0,1,0,1,1,1,1,1,0,0,0,1,0,0,1,0,1,0,0,1,0
65,6,0,12,2,2,4,4,4,2,3,5,0,1,1,1,1,1,0,1,1,0,0,1,0,0,1,0,0,0,0,0,1,0
66,2,0,10,1,2,4,3,2,1,1,5,0,0,1,0,1,1,1,1,1,0,0,0,0,0,1,0,0,0,0,0,1,0
67,4,0,8,2,2,1,3,1,1,1,2,0,0,1,1,0,1,1,1,1,0,1,0,0,0,1,0,0,0,0,0,1,0
68,16,0,11,2,2,4,3,5,1,1,2,0,1,1,0,1,1,1,1,1,0,0,1,0,0,1,0,0,1,0,0,1,0
69,12,0,16,2,4,4,4,2,2,3,3,0,0,1,0,1,0,0,1,1,0,1,0,0,0,1,0,0,0,0,1,0,0
70,10,0,11,2,3,4,2,2,2,3,5,0,1,1,1,1,1,1,1,1,0,0,1,0,0,1,0,0,1,0,0,1,0
71,0,1,7,2,1,5,4,3,4,3,3,0,1,0,0,0,0,1,1,0,0,1,0,0,0,1,0,0,1,0,0,0,0
72,8,1,8,1,2,2,3,2,1,3,1,0,1,1,0,0,1,1,0,1,0,1,0,0,0,0,1,0,0,0,1,0,0
73,14,0,12,1,2,1,2,2,1,2,1,0,1,1,0,1,1,1,1,1,0,1,0,0,0,1,0,0,0,0,1,1,0
74,14,0,6,1,1,3,5,5,1,3,1,1,1,1,0,0,0,1,1,1,0,1,0,0,0,1,0,0,0,0,0,1,0
75,8,0,10,1,1,5,4,4,3,4,2,0,1,1,0,0,0,1,0,1,0,0,1,0,0,0,1,0,0,0,0,1,0
76,7,0,14,1,1,5,4,5,1,1,3,1,0,1,0,1,1,0,1,0,0,0,0,1,0,1,0,0,0,0,0,1,0
77,4,0,10,2,2,4,4,4,4,4,4,1,1,1,0,1,1,0,1,0,0,0,0,1,0,1,0,0,0,0,0,1,0
78,6,0,10,2,2,4,3,3,1,4,5,1,1,0,0,0,1,0,1,0,0,0,0,0,0,0,0,0,0,0,0,1,0
79,0,0,8,1,2,4,4,5,1,3,3,1,1,1,0,0,0,0,1,1,0,0,0,0,0,1,0,0,0,0,0,1,0
80,4,0,10,3,3,5,2,2,1,1,4,1,1,1,0,1,1,1,1,1,0,0,1,0,0,1,0,0,0,0,1,0,0
81,4,0,16,1,1,4,5,5,1,3,1,1,1,1,0,1,1,1,1,1,0,0,1,0,0,1,0,0,0,0,1,1,0
82,4,2,7,2,2,4,4,4,1,4,3,0,1,1,1,1,0,1,1,0,0,1,0,0,0,1,0,0,0,0,0,1,0
83,0,3,8,2,2,3,5,4,1,4,1,1,1,0,1,0,0,1,0,1,0,0,0,0,0,0,0,0,0,0,0,0,1
84,4,1,6,2,1,4,4,3,1,2,2,0,1,1,1,0,0,0,1,1,0,1,0,0,0,0,1,0,0,0,0,1,0
85,0,0,13,2,2,3,4,4,1,4,5,1,0,1,0,1,1,1,1,1,0,0,1,0,0,1,0,0,0,0,1,1,0
86,0,0,15,1,2,4,3,2,1,1,1,1,1,1,0,1,1,1,0,1,0,0,1,0,0,0,1,0,0,0,1,1,0
87,12,1,11,2,2,4,4,2,1,1,3,1,0,1,0,1,1,1,1,0,0,0,1,0,0,1,0,0,0,0,1,0,0
88,2,0,11,1,2,4,4,4,1,1,1,1,1,0,0,1,0,1,1,0,0,0,0,0,0,0,1,0,0,0,0,1,0
89,10,0,7,1,1,5,3,4,1,4,4,0,1,1,0,1,1,1,1,0,0,1,0,0,0,1,0,0,0,0,1,1,0
90,4,0,11,1,2,3,4,3,2,3,3,1,1,1,0,1,1,1,1,0,0,0,0,1,0,1,0,0,1,0,0,1,0
91,2,0,11,2,2,4,2,1,1,1,3,1,1,1,1,1,1,1,1,1,0,1,0,0,0,1,0,0,0,0,0,0,0
92,16,1,9,1,2,5,3,3,1,1,4,1,1,1,1,1,0,1,1,1,0,1,0,0,0,1,0,0,0,0,1,1,0
93,0,0,16,3,2,4,3,4,1,4,5,0,1,0,1,0,0,0,0,1,0,0,0,0,0,1,0,0,0,0,0,1,0
94,11,0,16,1,2,4,3,3,1,3,5,1,1,1,1,1,1,0,1,0,0,0,1,0,0,1,0,0,1,0,0,1,0
95,21,2,9,2,2,5,3,3,5,2,4,1,1,1,1,1,0,0,1,0,0,0,0,0,0,1,0,0,0,0,0,0,1
96,1,0,13,1,2,5,4,3,3,4,2,1,1,1,0,0,0,0,1,1,0,0,0,1,0,0,1,0,0,0,0,1,0
97,18,0,14,1,1,3,4,4,1,4,5,1,1,1,0,1,1,1,1,0,1,0,0,0,0,1,0,0,0,0,0,1,0
98,2,0,14,1,1,3,4,3,1,2,4,0,1,1,0,1,1,1,1,0,0,1,0,0,0,1,0,0,0,0,1,0,0
99,4,0,13,1,3,4,3,3,1,1,5,1,1,1,1,1,1,1,1,1,0,0,1,0,0,0,0,0,0,0,0,1,0
100,5,0,13,1,3,4,3,4,1,1,3,0,0,1,1,0,0,1,1,1,0,1,0,0,0,1,0,0,1,0,0,0,0
101,22,0,11,2,1,4,5,4,2,4,5,1,1,1,1,1,1,0,0,0,0,0,1,0,0,1,0,0,1,0,0,1,0
102,0,0,17,1,2,2,4,4,2,3,4,1,1,0,0,1,0,1,1,1,1,0,0,0,0,0,0,1,0,1,0,1,0
103,0,0,7,2,3,5,3,4,1,1,5,1,1,1,0,1,0,1,1,1,0,0,1,0,0,0,1,0,0,0,1,1,0
104,4,2,7,1,1,3,2,5,2,5,5,0,0,1,0,1,1,1,1,0,0,0,1,0,0,0,1,0,0,1,0,1,0
105,16,0,10,2,2,4,4,4,4,5,5,1,0,1,0,1,1,1,1,0,0,0,0,0,0,0,1,0,0,1,0,0,1
106,8,0,10,1,2,5,3,4,1,1,4,1,1,1,0,1,1,1,1,1,0,0,1,0,0,0,1,0,1,0,0,1,0
107,4,0,11,1,2,4,3,4,1,4,4,1,0,1,0,1,1,1,1,0,0,1,0,0,0,1,0,0,0,0,1,0,0
108,0,0,11,1,2,5,4,4,3,4,5,1,1,1,1,1,1,1,1,0,0,0,1,0,0,1,0,0,0,1,0,1,0
109,5,0,7,2,1,4,4,3,1,3,5,1,0,1,1,0,0,1,1,0,0,1,0,0,0,1,0,0,0,1,0,1,0
110,0,0,16,1,2,5,4,4,1,1,1,1,1,1,0,1,1,1,0,0,0,0,1,0,0,1,0,0,0,0,0,1,0
111,6,0,12,1,2,4,3,2,2,3,3,0,1,1,0,1,1,0,1,1,0,0,0,0,0,1,0,0,0,1,0,1,0
112,6,0,12,2,2,4,4,2,1,1,3,1,0,1,0,1,1,1,1,0,0,0,1,0,0,1,0,0,0,0,1,0,0
113,16,0,10,1,2,4,4,5,5,5,5,1,1,1,1,1,1,1,1,0,0,0,0,1,0,0,0,1,1,0,0,1,0
114,22,1,13,2,2,4,2,2,1,2,1,0,0,1,1,1,1,0,1,1,0,0,1,0,0,1,0,0,0,0,1,0,1
115,10,1,11,2,1,2,5,5,5,5,5,0,0,1,0,0,0,1,1,0,0,1,0,0,0,1,0,0,0,0,0,1,0
116,4,0,11,1,2,5,3,3,1,1,5,1,1,1,0,1,1,0,0,0,0,0,1,0,0,1,0,0,1,0,0,1,0
117,16,0,11,1,2,4,3,5,3,3,5,1,1,1,0,1,1,1,1,1,0,1,0,0,0,0,1,0,1,0,0,0,1
118,0,0,13,2,1,5,3,3,1,1,3,0,1,1,0,1,1,1,1,0,0,1,0,0,0,1,0,0,1,0,0,0,0
119,9,0,9,1,3,4,3,4,1,1,5,1,1,1,1,1,1,1,1,1,0,1,0,0,0,1,0,0,0,0,0,1,0
120,2,0,13,2,3,4,3,3,1,1,1,0,0,1,1,1,0,1,1,0,0,1,0,0,0,1,0,0,1,0,0,0,0
121,2,0,9,1,2,5,3,3,1,1,3,0,0,1,0,1,1,1,1,1,0,0,0,0,0,1,0,0,0,0,0,0,0
122,3,0,11,2,1,5,1,2,1,1,1,0,1,0,0,0,0,1,1,1,0,1,0,0,0,0,1,0,0,0,0,1,0
123,4,0,12,2,2,4,3,3,1,2,5,1,1,1,0,0,0,1,1,1,0,0,0,1,0,0,1,0,0,1,0,0,0
124,0,0,10,2,1,3,2,3,1,3,4,0,1,0,0,0,1,1,1,0,0,1,0,0,0,0,1,0,1,0,0,1,0
125,0,0,11,1,1,2,2,4,2,4,1,0,1,1,0,1,1,1,1,0,1,0,0,0,0,0,1,0,0,1,0,1,0
126,6,0,7,1,1,4,3,4,1,2,1,0,1,0,0,0,1,0,0,1,0,1,0,0,0,1,0,0,1,0,0,1,0
127,10,0,12,2,2,4,3,4,2,2,1,1,1,1,1,1,1,1,1,1,0,0,1,0,0,1,0,0,0,0,0,1,0
128,2,0,12,1,2,4,3,3,1,2,4,0,0,1,0,1,1,1,1,0,0,1,0,0,0,1,0,0,0,0,1,0,0
129,4,0,11,1,3,5,3,2,1,2,5,0,0,1,0,1,1,1,1,0,0,1,0,0,0,1,0,0,1,0,0,1,0
130,5,0,8,1,1,3,2,3,3,3,5,0,1,1,0,0,1,0,1,0,0,1,0,0,0,0,0,0,0,0,0,0,0
131,2,0,9,2,2,4,2,2,1,4,5,0,0,1,1,0,1,1,1,0,1,0,0,0,0,0,1,0,0,1,0,1,0
132,0,0,10,1,2,4,4,4,2,4,2,1,1,1,1,1,1,0,1,1,0,0,1,0,0,0,1,0,0,0,1,0,0
133,0,3,5,4,2,5,3,5,1,5,5,1,1,0,1,1,0,0,1,0,0,1,0,0,0,0,1,0,0,0,0,1,0
134,6,0,11,3,1,4,3,3,1,2,4,1,0,1,1,1,1,1,1,1,0,0,0,0,0,1,0,0,0,0,0,1,0
135,2,1,9,2,1,5,3,3,2,3,5,0,1,1,1,0,0,1,1,0,0,0,1,0,0,1,0,0,0,0,0,0,1
136,8,0,14,1,2,1,2,2,1,2,1,0,1,1,0,1,1,1,1,1,0,1,0,0,0,1,0,0,0,0,1,1,0
137,16,3,6,1,1,5,5,5,2,4,5,1,1,1,0,1,1,1,1,0,0,0,1,0,0,0,1,0,0,0,0,1,0
138,2,0,16,1,2,5,2,4,1,2,4,1,1,1,0,1,1,1,1,0,0,1,0,0,0,1,0,0,1,0,0,1,0
139,2,0,17,3,1,4,2,2,1,2,3,0,0,0,0,1,0,1,1,0,0,0,0,0,0,1,0,0,0,0,0,1,0
140,12,0,12,1,2,4,3,4,2,3,4,1,1,1,1,1,1,1,1,0,0,0,1,0,0,0,1,0,0,1,0,1,0
141,2,0,14,2,2,4,2,2,1,2,5,1,1,1,1,1,1,0,1,1,0,1,0,0,1,0,0,0,0,0,0,0,0
142,4,0,9,1,3,4,3,3,1,1,4,1,1,1,0,1,1,1,1,1,0,0,0,0,0,0,0,0,0,0,0,1,0
143,0,0,17,1,3,3,4,3,2,3,5,0,0,1,0,1,1,1,1,1,0,0,1,0,0,0,1,0,0,0,0,0,0
144,3,2,7,3,2,3,4,4,2,2,5,1,1,0,1,0,1,1,1,1,0,1,0,0,0,1,0,0,0,0,0,1,0
145,4,1,8,2,2,4,5,4,2,3,3,0,1,1,0,0,1,1,1,0,1,0,0,0,0,1,0,0,0,0,0,1,0
146,18,1,12,1,2,4,4,3,1,3,3,1,0,1,0,1,1,0,1,1,0,0,0,0,0,1,0,0,0,0,1,0,1
147,4,0,7,3,1,4,4,3,2,2,5,1,1,1,1,0,0,1,1,1,0,0,0,1,0,0,0,0,0,0,1,1,0
148,0,0,12,1,2,5,3,3,1,1,5,0,1,1,0,1,1,0,0,1,0,0,1,0,0,1,0,0,1,0,0,1,0
149,6,0,8,1,2,4,4,3,1,3,4,1,1,0,0,1,1,1,1,1,0,1,0,0,0,1,0,0,0,0,1,1,0
150,6,0,9,1,2,4,1,3,3,5,5,0,1,0,0,1,1,0,0,0,0,0,0,1,1,0,0,0,0,0,1,1,0
151,2,0,15,1,3,5,4,5,1,1,4,1,1,1,1,1,1,0,1,1,1,0,0,0,1,0,0,0,0,1,0,1,0
152,0,2,7,1,1,3,3,3,1,2,4,1,1,1,0,1,0,1,1,0,0,0,1,0,0,1,0,0,0,0,1,1,0
153,6,0,12,1,2,4,3,3,1,1,2,0,1,1,0,1,1,1,1,1,0,0,1,0,0,0,1,0,0,0,0,1,0
154,0,0,11,1,3,4,4,3,1,3,4,1,1,1,1,1,1,1,1,1,1,0,0,0,0,1,0,0,0,0,1,1,0
155,0,0,14,2,1,4,1,3,1,1,4,0,0,1,0,0,0,1,1,1,0,1,0,0,0,0,1,0,0,0,0,0,0
156,15,1,9,1,2,2,4,4,1,1,4,1,1,1,1,1,1,1,1,1,1,0,0,0,1,0,0,0,0,0,1,0,0
157,3,0,7,2,1,3,3,3,1,4,3,0,1,0,0,1,1,1,1,1,0,0,0,0,0,1,0,0,1,0,0,0,0
158,2,0,15,1,2,3,1,2,1,3,2,0,1,1,1,1,1,1,1,1,0,0,1,0,0,1,0,0,1,0,0,0,0
159,0,0,10,1,2,5,3,3,1,3,3,0,0,1,0,1,1,0,1,0,0,0,1,0,0,0,1,0,0,0,1,0,0
160,0,0,12,1,2,4,3,2,2,3,2,0,1,1,1,1,1,1,1,1,0,1,0,0,0,1,0,0,1,0,0,1,0
161,0,0,12,1,2,5,4,4,1,1,5,0,1,1,1,1,1,1,1,1,0,1,0,0,0,1,0,0,1,0,0,1,0
162,6,0,13,1,3,4,3,3,1,1,3,0,1,1,0,1,1,1,1,1,0,0,1,0,0,0,0,1,0,0,1,1,0
163,4,0,12,1,1,5,3,5,1,2,5,0,1,1,0,1,1,1,1,1,0,1,0,0,0,1,0,0,0,0,0,1,0
164,4,1,11,1,3,4,3,4,1,3,3,1,1,1,1,1,1,1,1,1,0,0,1,0,0,0,1,0,1,0,0,0,1
165,0,0,14,1,2,4,3,5,1,1,3,1,0,1,1,1,1,1,1,1,0,0,0,0,0,0,1,0,1,0,0,1,0
166,4,0,12,1,1,5,4,3,1,1,5,0,0,1,0,1,1,1,1,0,0,1,0,0,0,1,0,0,1,0,0,1,0
167,2,0,14,1,1,4,4,4,2,2,4,1,1,1,1,0,0,0,1,1,0,0,1,0,0,0,1,0,1,0,0,1,0
168,0,0,11,1,2,4,3,2,1,2,5,0,1,0,0,1,1,1,1,1,0,1,0,0,0,1,0,0,1,0,0,0,0
169,2,0,10,1,1,3,2,2,1,3,3,1,0,1,1,1,1,1,1,0,0,1,0,0,0,0,1,0,0,0,0,0,0
170,6,0,11,1,4,4,3,4,1,1,4,1,1,1,0,1,1,0,1,0,0,0,1,0,1,0,0,0,0,0,1,1,0
171,0,0,11,2,2,4,1,1,1,1,4,0,1,0,0,0,1,1,1,1,0,0,0,0,0,0,0,0,0,0,0,0,0
172,6,0,13,1,3,3,2,3,1,2,2,1,1,1,0,1,1,1,1,1,0,0,1,0,0,0,1,0,0,0,1,1,0
173,0,0,14,1,2,3,2,3,1,2,1,0,0,1,0,1,1,1,1,1,0,0,0,0,0,0,1,0,0,0,0,1,0
174,10,0,10,1,2,4,3,2,1,1,4,0,0,0,1,1,1,1,1,1,0,0,0,0,0,1,0,0,0,0,0,1,0
175,0,0,10,4,1,5,5,5,5,5,5,1,0,1,1,1,1,1,1,1,0,0,1,0,0,0,1,0,0,0,0,0,0
176,0,0,14,1,1,4,4,3,1,3,5,0,1,1,0,1,1,1,1,0,1,0,0,0,0,1,0,0,1,0,0,1,0
177,16,0,10,3,1,3,3,4,3,5,3,1,1,1,0,1,0,0,1,0,0,0,0,1,0,1,0,0,1,0,0,0,0
178,0,0,10,2,4,4,4,4,1,1,4,1,1,0,0,1,0,1,1,1,0,0,0,0,0,1,0,0,0,0,0,1,0
179,4,0,10,1,2,4,3,5,2,4,4,0,1,1,0,1,1,1,1,0,0,1,0,0,0,1,0,0,0,0,0,0,0
180,0,0,16,2,2,4,5,2,1,2,5,0,1,0,0,0,0,1,1,1,0,0,0,0,0,0,1,0,0,0,0,1,0
181,2,0,11,1,2,4,3,3,1,1,5,0,1,1,0,1,1,0,1,1,1,0,0,0,0,1,0,0,0,1,0,1,0
182,2,2,9,1,2,4,4,3,3,4,4,1,1,1,0,0,1,1,1,0,0,1,0,0,0,1,0,0,0,1,0,1,0
183,5,0,8,2,3,4,2,3,2,2,3,0,1,0,0,0,0,0,0,1,0,1,0,0,0,0,0,0,0,0,0,0,1
184,0,2,6,3,1,3,4,5,2,4,2,1,0,1,0,1,1,1,1,0,0,1,0,0,0,1,0,0,0,0,0,0,0
185,2,0,16,1,2,3,5,2,2,2,1,1,0,0,1,1,0,1,1,0,0,0,0,0,0,0,0,0,1,0,0,1,0
186,4,0,13,2,2,4,5,5,1,3,2,1,0,1,1,0,0,1,1,0,0,0,1,0,0,1,0,0,1,0,0,1,0
187,8,1,3,1,2,4,3,3,1,3,5,0,1,1,1,1,0,0,1,0,0,1,0,0,0,0,1,0,0,0,0,1,0
188,8,0,10,1,2,4,3,3,1,3,5,0,1,1,1,1,0,0,1,0,0,1,0,0,0,0,1,0,0,0,0,1,0
189,0,2,9,1,2,3,4,2,1,1,5,0,0,0,0,1,1,1,1,1,0,0,0,0,0,1,0,0,0,0,0,0,1
190,0,0,15,1,2,4,1,3,1,2,1,0,1,1,1,0,1,1,1,1,0,1,0,0,0,1,0,0,1,0,0,1,0
191,10,3,7,1,2,4,3,2,2,3,3,0,1,1,0,1,1,0,1,1,0,0,0,0,0,1,0,0,0,1,0,1,0
192,4,0,11,1,2,4,3,3,2,2,5,0,1,0,0,1,1,1,1,0,0,0,0,1,0,1,0,0,1,0,0,1,0
193,4,0,12,1,4,4,3,3,1,2,3,1,1,1,0,1,1,1,1,1,0,1,0,0,0,1,0,0,0,0,1,0,1
194,10,0,12,1,2,3,3,3,1,3,3,0,0,1,1,1,1,1,0,1,1,0,0,0,0,1,0,0,0,0,1,1,0
195,4,0,9,1,2,4,4,4,1,3,1,0,0,0,0,1,1,1,1,1,0,1,0,0,0,1,0,0,0,0,0,1,0
196,0,0,16,2,3,4,3,3,1,1,3,0,1,1,0,1,1,1,1,1,0,1,0,0,0,1,0,0,0,0,1,1,0
197,0,0,11,1,4,4,5,5,2,4,5,1,1,1,0,1,1,0,1,0,0,1,0,0,0,1,0,0,0,0,0,1,0
198,2,0,12,1,2,5,3,4,1,1,2,1,1,1,1,1,1,1,0,1,0,1,0,0,0,1,0,0,0,1,0,1,0
199,10,0,10,1,4,4,3,3,1,1,4,0,1,0,0,1,1,1,0,1,0,1,0,0,1,0,0,0,0,0,1,0,0
200,10,3,10,1,2,5,4,5,1,3,5,1,1,1,1,1,1,1,1,1,0,0,1,0,0,1,0,0,0,0,1,1,0
201,0,0,14,1,3,4,2,4,1,3,2,1,1,1,0,1,1,1,1,0,0,0,1,0,0,0,1,0,0,0,1,1,0
202,6,3,11,3,1,5,2,5,1,5,4,1,0,0,0,1,0,1,1,1,0,0,0,0,0,1,0,0,0,0,0,1,0
203,2,1,14,1,2,2,4,4,1,1,4,1,1,1,1,1,1,1,1,1,1,0,0,0,1,0,0,0,0,0,1,0,0
204,9,0,11,2,2,5,4,4,1,1,1,1,1,1,1,1,1,1,1,0,1,0,0,0,0,1,0,0,0,0,0,1,0
205,8,0,8,1,2,5,2,2,1,1,5,1,1,1,1,1,1,0,0,1,0,1,0,0,0,1,0,0,0,0,0,1,0
206,4,0,5,1,2,5,3,3,1,1,3,0,0,1,0,1,1,1,1,1,0,0,0,0,0,1,0,0,0,0,0,0,0
207,0,0,13,1,1,5,3,2,1,2,5,1,1,1,0,1,1,1,1,0,0,0,1,0,0,0,1,0,0,0,0,1,0
208,6,0,13,1,2,2,3,5,1,4,3,0,1,1,0,1,1,0,0,1,0,1,0,0,0,0,1,0,1,0,0,1,0
209,0,0,16,1,2,4,4,2,1,1,3,0,1,1,1,1,1,1,1,1,1,0,0,0,1,0,0,0,0,0,1,1,0
210,8,0,11,1,2,4,1,4,1,1,3,0,1,1,0,1,1,1,1,1,0,0,0,0,0,1,0,0,0,0,0,0,0
211,2,0,11,2,2,4,4,3,1,1,3,1,1,1,0,0,1,1,1,0,0,1,0,0,0,0,1,0,1,0,0,0,0
212,11,0,10,2,1,4,3,3,1,3,5,0,1,1,1,0,1,1,1,1,0,0,0,0,0,1,0,0,0,1,0,0,0
213,2,0,8,1,1,4,2,5,3,4,5,0,1,1,0,1,1,0,1,0,0,1,0,0,0,1,0,0,0,0,1,0,0
214,0,0,6,2,2,5,5,4,1,1,1,0,1,1,0,0,1,1,1,1,0,0,0,1,0,1,0,0,0,1,0,1,0
215,0,1,6,2,1,4,4,5,2,4,5,0,1,1,0,1,1,1,1,0,0,0,1,0,0,1,0,0,0,0,0,1,0
216,2,0,11,1,2,5,3,1,1,4,5,0,1,1,1,1,1,1,1,1,0,0,0,1,0,0,1,0,0,0,0,1,0
217,0,0,8,1,2,4,4,2,1,2,5,0,1,1,0,1,1,1,1,1,0,1,0,0,0,0,1,0,0,0,0,0,0
218,2,0,13,2,2,3,4,4,1,4,5,1,0,1,0,1,1,1,1,1,0,0,1,0,0,1,0,0,0,0,1,1,0
219,24,0,9,1,2,1,3,2,2,3,1,0,0,0,1,1,1,1,0,1,0,0,1,0,0,0,1,0,1,0,0,1,0
220,5,0,9,2,1,4,3,3,2,2,1,0,1,0,1,0,1,1,1,1,0,0,0,0,0,1,0,0,1,0,0,1,0
221,4,0,8,1,2,5,3,3,1,1,4,1,1,1,1,1,0,1,1,1,0,1,0,0,0,1,0,0,0,0,1,1,0
222,4,0,6,1,2,4,3,2,1,2,5,0,1,0,0,1,1,1,1,1,0,1,0,0,0,1,0,0,1,0,0,0,0
223,4,0,15,1,2,4,3,4,1,1,1,0,1,1,0,0,1,0,1,1,0,0,0,1,0,0,1,0,0,0,0,1,0
224,16,0,12,1,1,3,2,1,1,4,5,0,1,1,0,1,1,1,0,1,0,0,1,0,0,1,0,0,0,0,0,0,0
225,1,1,9,1,1,4,4,3,1,4,3,1,0,1,0,0,1,1,1,1,0,1,0,0,0,0,1,0,0,0,0,0,0
226,26,1,7,1,1,4,4,3,2,2,1,1,0,1,1,1,1,1,1,0,0,1,0,0,0,0,0,0,0,0,0,0,1
227,0,0,16,2,2,4,3,2,1,1,3,1,1,1,1,1,1,1,1,0,0,1,0,0,0,1,0,0,0,0,1,1,0
228,10,0,10,2,1,3,4,4,2,4,4,0,0,1,0,1,1,1,1,0,0,0,0,0,0,1,0,0,1,0,0,0,1
229,0,2,12,2,3,4,2,2,2,2,5,0,1,1,1,1,0,1,1,1,0,0,1,0,0,0,0,1,0,0,0,0,0
230,2,0,9,1,2,5,4,4,3,4,5,1,1,1,1,1,1,1,1,0,0,0,1,0,0,1,0,0,0,1,0,1,0
231,2,0,14,2,1,3,3,2,1,2,3,0,0,1,1,0,1,0,1,0,0,1,0,0,0,0,1,0,1,0,0,0,0
232,4,2,7,2,2,3,2,2,1,1,3,1,1,0,1,0,1,0,1,1,0,0,1,0,0,0,1,0,1,0,0,0,1
233,25,1,7,2,2,3,3,3,1,2,3,1,0,1,1,1,1,0,1,1,0,1,0,0,0,1,0,0,1,0,0,1,0
234,54,0,11,1,2,4,3,3,2,4,5,1,1,1,0,1,1,1,1,1,0,1,0,0,0,0,1,0,1,0,0,1,0
235,4,0,10,1,1,5,3,3,1,1,5,1,0,1,0,1,1,1,1,0,0,0,1,0,0,1,0,0,0,0,0,1,0
236,4,0,11,1,3,4,3,3,1,2,3,0,1,1,0,1,1,1,1,1,0,0,0,0,0,1,0,0,0,0,0,1,0
237,8,0,10,1,3,3,4,3,1,1,3,1,1,0,1,0,1,1,1,1,0,1,0,0,0,0,0,0,1,0,0,1,0
238,8,0,7,2,1,4,4,5,2,4,5,0,1,1,0,1,1,1,1,0,0,0,1,0,0,1,0,0,0,0,0,1,0
239,0,0,13,1,3,4,3,3,1,1,3,0,1,1,0,1,1,1,1,1,0,0,1,0,0,0,0,1,0,0,1,1,0
240,6,0,9,1,2,3,1,3,1,5,3,0,1,0,0,1,0,1,1,0,0,0,0,0,0,1,0,0,1,0,0,1,0
241,0,1,10,1,2,4,3,3,2,2,2,1,1,1,0,1,1,1,1,0,0,0,0,1,0,0,1,0,1,0,0,0,0
242,0,0,16,1,2,4,2,2,1,1,1,0,1,1,0,1,1,0,0,0,0,0,1,0,0,1,0,0,1,0,0,1,0
243,4,0,14,1,2,5,4,2,1,1,3,1,1,0,0,1,1,1,1,1,0,1,0,0,0,1,0,0,0,0,0,0,0
244,0,0,13,1,2,4,4,3,1,1,1,1,1,1,0,1,1,0,1,1,0,1,0,0,0,0,1,0,0,0,1,0,0
245,11,0,9,3,2,5,5,5,1,3,5,1,1,0,0,0,0,1,1,0,0,1,0,0,0,0,1,0,0,0,0,1,0
246,16,1,12,2,1,4,5,2,1,1,2,1,0,0,0,1,1,1,1,0,0,0,1,0,0,0,1,0,0,0,0,1,0
247,0,0,11,2,1,5,2,3,1,2,4,0,1,1,1,0,1,1,1,1,0,0,0,0,0,0,1,0,0,0,0,0,0
248,16,0,9,1,1,3,3,2,2,1,5,0,1,1,1,1,1,1,1,0,0,0,0,1,0,0,0,1,0,0,0,1,0
249,1,0,11,2,1,5,1,3,1,2,5,0,1,0,0,0,1,0,1,1,0,0,1,0,0,0,1,0,0,1,0,0,0
250,2,0,10,1,3,5,3,2,1,1,3,1,0,0,0,1,0,1,1,0,0,1,0,0,0,1,0,0,0,0,0,1,0
251,0,0,13,3,2,4,2,1,1,2,2,0,1,0,0,0,0,1,1,1,0,0,0,0,0,0,0,0,0,0,0,0,0
252,6,0,15,1,3,4,2,4,1,3,2,1,1,1,0,1,1,1,1,0,0,0,1,0,0,0,1,0,0,0,1,1,0
253,10,0,8,1,4,4,3,3,1,2,3,1,1,1,0,1,1,1,1,1,0,1,0,0,0,1,0,0,0,0,1,0,1
254,6,0,18,2,4,3,1,2,1,1,3,0,1,0,0,1,0,0,1,1,0,0,1,0,0,1,0,0,0,0,1,1,0
255,4,0,10,2,2,3,3,4,2,4,3,0,1,0,0,0,0,1,1,0,0,0,0,0,0,1,0,0,0,0,0,1,0
256,14,1,8,2,1,4,1,1,1,1,3,0,1,1,0,1,1,1,1,1,0,1,0,0,0,1,0,0,0,0,0,1,0
257,0,0,14,1,2,4,3,2,1,1,1,1,1,1,0,1,1,1,0,1,0,0,1,0,0,0,1,0,0,0,1,1,0
258,8,0,9,2,2,1,2,4,2,2,1,1,1,1,0,0,1,0,1,1,0,1,0,0,0,1,0,0,1,0,0,1,0
259,0,0,13,1,2,3,3,4,1,1,4,0,1,1,0,1,1,1,0,1,0,1,0,0,0,1,0,0,0,0,1,1,0
260,1,0,10,2,3,5,3,5,1,4,5,0,1,1,1,0,1,1,1,1,0,0,0,1,0,0,1,0,0,0,0,1,0
261,0,0,14,1,2,3,2,3,1,2,3,1,1,1,1,1,1,0,1,1,1,0,0,0,0,1,0,0,0,0,1,0,0
262,3,0,9,3,1,4,3,3,2,3,3,1,1,1,1,0,0,0,1,0,0,0,0,0,0,0,1,0,0,1,0,0,0
263,12,0,8,2,2,4,3,5,1,2,3,0,1,1,1,1,0,1,1,1,0,1,0,0,0,1,0,0,0,0,1,1,0
264,1,0,11,2,2,4,4,5,1,1,4,0,1,1,1,0,1,1,0,1,0,1,0,0,0,1,0,0,0,1,0,1,0
265,0,0,8,2,2,5,2,1,1,1,2,1,1,1,0,0,0,1,1,0,0,1,0,0,0,0,1,0,0,0,1,1,0
266,2,0,15,3,2,4,5,4,1,2,1,0,1,1,0,0,0,1,1,1,0,1,0,0,0,0,1,0,0,0,0,1,0
267,5,0,9,2,1,2,4,4,3,5,5,1,0,0,0,0,1,1,1,1,0,1,0,0,0,0,0,0,0,0,0,0,0
268,2,0,10,2,2,5,4,3,1,2,3,0,1,1,0,1,1,1,1,0,0,0,0,1,0,1,0,0,0,0,0,1,0
269,15,2,9,1,2,4,3,5,3,3,5,1,1,1,0,1,1,1,1,1,0,1,0,0,0,0,1,0,1,0,0,0,1
270,0,0,15,1,3,4,4,3,1,1,5,0,1,1,1,1,0,1,1,1,0,0,0,0,0,1,0,0,0,0,0,0,0
271,0,0,14,1,3,5,4,3,1,1,4,1,1,1,0,1,1,0,1,0,0,0,0,1,0,0,1,0,1,0,0,1,0
272,2,0,15,1,3,3,2,3,1,1,4,1,0,0,0,1,1,1,1,1,0,1,0,0,0,1,0,0,1,0,0,1,0
273,0,0,13,1,2,4,3,4,1,3,4,1,1,1,0,1,1,1,1,1,0,0,1,0,0,0,1,0,0,0,1,1,0
274,8,0,14,1,1,4,2,5,1,5,5,1,1,1,0,0,1,0,1,0,0,1,0,0,0,1,0,0,0,0,0,0,0
275,12,0,9,1,1,4,5,5,5,5,4,1,1,1,0,1,1,1,1,0,0,0,1,0,0,0,1,0,0,1,0,1,0
276,2,0,11,1,3,4,3,4,1,3,5,1,1,1,0,1,0,1,1,1,0,1,0,0,0,1,0,0,0,0,0,1,0
277,12,0,12,1,2,5,4,5,1,2,5,0,0,1,0,1,1,1,1,1,0,1,0,0,0,1,0,0,0,0,0,1,0
278,0,0,7,3,2,3,2,2,4,2,5,0,0,1,1,0,0,1,1,1,0,1,0,0,0,0,0,1,0,1,0,0,0
279,0,0,13,1,1,4,3,2,2,4,5,0,0,1,0,1,1,1,1,0,0,1,0,0,0,1,0,0,0,1,0,1,0
280,6,0,5,2,2,4,3,4,1,1,3,0,1,0,0,1,1,1,0,1,0,0,0,0,0,0,0,1,0,0,0,1,0
281,2,0,9,2,2,3,4,2,1,1,5,0,1,1,0,1,1,0,1,0,0,1,0,0,0,1,0,0,1,0,0,1,0
282,2,0,12,2,1,5,1,2,3,3,5,1,1,0,1,0,0,0,1,0,0,1,0,0,0,1,0,0,0,0,0,0,0
283,4,0,15,1,2,3,2,4,1,4,2,1,0,1,0,0,1,1,1,0,0,0,0,1,0,0,0,1,1,0,0,0,0
284,3,3,10,1,1,5,5,3,3,3,3,0,0,0,0,0,0,1,1,0,0,1,0,0,0,1,0,0,0,0,0,0,1
285,6,0,11,1,2,4,3,4,2,3,4,1,1,1,1,1,1,1,1,0,0,0,1,0,0,0,1,0,0,1,0,1,0
286,8,0,8,1,1,4,3,2,3,4,5,1,1,1,0,1,0,1,1,0,0,0,1,0,0,0,1,0,0,0,1,1,0
287,2,0,8,1,2,5,2,3,1,2,3,0,1,0,1,0,1,0,0,1,0,0,0,0,0,0,1,0,0,0,0,1,0
288,0,0,13,1,3,4,4,3,1,3,4,1,1,1,1,1,1,1,1,1,1,0,0,0,0,1,0,0,0,0,1,1,0
289,4,0,8,1,2,5,4,3,3,4,2,1,1,1,0,0,0,0,1,1,0,0,0,1,0,0,1,0,0,0,0,1,0
290,0,0,16,1,2,4,3,3,1,1,5,0,1,1,0,1,1,0,1,1,1,0,0,0,0,1,0,0,0,1,0,1,0
291,0,0,14,1,4,4,3,3,1,1,3,0,1,1,0,1,1,1,1,1,0,1,0,0,0,1,0,0,0,0,1,0,0
292,0,1,7,2,1,4,4,4,2,4,5,1,1,0,0,1,1,0,1,0,0,1,0,0,0,1,0,0,0,0,0,1,0
293,4,0,9,1,1,4,5,3,1,1,5,1,1,0,0,0,1,1,1,1,0,1,0,0,0,0,0,0,0,0,0,1,0
294,0,0,10,1,2,3,3,3,1,2,2,0,1,1,0,1,1,1,1,1,0,0,0,1,1,0,0,0,0,0,1,1,0
295,8,0,14,1,2,4,3,2,1,1,5,1,1,1,1,1,1,0,1,1,0,0,1,0,0,0,1,0,0,0,0,0,0
296,0,0,11,1,3,4,3,3,1,1,3,0,1,0,1,0,1,0,1,1,0,1,0,0,0,0,1,0,0,0,0,0,0
297,0,0,14,1,2,4,3,2,1,1,5,1,1,1,0,1,1,0,1,0,0,1,0,0,0,0,0,0,1,0,0,0,0
298,0,0,14,1,3,3,4,4,2,4,4,1,1,1,0,1,1,1,1,1,0,0,0,1,1,0,0,0,1,0,0,1,0
299,2,1,10,3,4,1,3,5,3,5,3,0,1,0,0,0,0,0,1,0,0,0,1,0,0,0,1,0,0,1,0,1,0
300,4,0,14,1,2,4,2,2,1,1,3,0,1,0,1,1,1,1,1,1,0,1,0,0,0,1,0,0,0,0,0,1,0
301,0,0,7,1,2,5,3,2,1,1,1,1,1,1,1,1,1,0,0,1,0,1,0,0,0,1,0,0,1,0,0,1,0
302,2,0,11,1,1,3,3,3,1,2,3,1,1,1,1,1,1,1,1,0,0,0,1,0,0,0,1,0,0,1,0,1,0
303,0,0,16,2,3,3,3,3,2,3,2,0,1,1,0,1,1,0,1,1,0,0,0,0,0,0,0,0,1,0,0,0,0
304,4,0,12,2,1,2,3,3,2,2,2,1,1,1,0,1,1,0,1,0,0,0,1,0,0,0,1,0,0,0,1,0,0
305,4,0,15,1,3,5,3,3,1,3,1,1,1,1,0,1,1,1,1,1,0,1,0,0,0,1,0,0,0,0,1,1,0
306,0,1,10,1,2,4,5,4,1,2,5,0,1,0,1,0,0,1,1,1,0,0,0,0,0,1,0,0,0,0,0,0,0
307,2,0,13,2,2,4,2,2,1,2,5,1,1,1,1,1,1,0,1,1,0,1,0,0,1,0,0,0,0,0,0,0,0
308,0,0,11,1,4,3,3,3,1,1,3,0,1,1,0,1,1,1,1,0,0,1,0,0,0,1,0,0,0,0,0,1,0
309,0,0,13,2,1,4,2,2,4,3,2,1,1,1,1,0,0,1,1,1,0,0,0,0,0,1,0,0,0,1,0,1,0
310,8,0,14,1,2,4,2,5,1,2,1,0,1,1,1,1,1,1,1,1,0,1,0,0,0,1,0,0,1,0,0,1,0
311,4,0,10,1,2,5,2,3,1,1,2,1,1,1,1,1,1,1,1,0,0,1,0,0,0,1,0,0,0,0,0,1,0
312,8,0,11,2,4,3,4,3,1,1,1,1,1,1,0,1,1,1,1,0,0,0,0,1,0,1,0,0,0,0,0,1,0
313,4,1,8,3,1,4,4,4,3,3,5,0,1,1,0,0,0,1,1,0,0,1,0,0,0,1,0,0,1,0,0,0,1
314,0,0,13,2,2,5,4,4,2,4,5,1,1,1,0,1,1,0,1,0,0,1,0,0,0,1,0,0,0,0,1,1,0
315,2,0,12,4,2,5,3,3,1,1,5,0,1,0,1,1,0,1,1,0,0,0,0,0,0,0,0,1,0,0,0,1,0
316,4,1,9,3,2,5,3,3,1,3,2,0,0,1,0,1,1,1,1,0,0,0,0,0,0,1,0,0,0,0,1,0,1
317,0,0,12,2,3,5,3,3,1,3,2,1,1,1,1,1,1,1,1,0,0,0,0,0,0,1,0,0,0,0,1,1,0
318,11,0,12,2,1,4,3,3,2,4,3,1,0,1,0,0,1,1,1,0,0,0,1,0,0,0,1,0,0,0,0,0,0
319,3,0,11,1,3,3,3,2,2,2,3,1,1,1,0,1,0,0,1,1,0,0,1,0,0,0,1,0,0,0,0,1,0
320,14,0,13,1,2,3,2,3,1,2,3,1,1,1,1,1,1,0,1,1,1,0,0,0,0,1,0,0,0,0,1,0,0
321,0,0,10,4,3,5,1,3,2,2,3,0,1,0,0,0,1,0,1,0,0,0,1,0,0,0,1,0,0,1,0,1,0
322,10,0,12,2,3,4,4,4,1,1,3,0,0,1,1,1,1,1,1,1,0,1,0,0,0,1,0,0,0,0,0,0,1
323,0,0,14,1,2,4,2,3,1,1,3,0,1,1,1,1,1,1,1,1,1,0,0,0,0,0,1,0,1,0,0,0,0
324,0,0,8,2,1,5,5,5,3,5,5,1,1,0,1,0,0,1,1,0,0,1,0,0,0,1,0,0,0,0,0,1,0
325,0,0,17,1,1,4,2,5,1,2,5,1,1,0,1,0,1,1,1,1,0,0,1,0,0,1,0,0,0,0,0,1,0
326,0,0,8,1,2,5,5,5,1,3,5,1,1,1,0,0,1,1,1,1,0,0,0,1,0,0,1,0,1,0,0,1,0
327,0,0,12,1,1,5,4,2,1,1,5,0,1,1,0,1,1,1,1,0,1,0,0,0,1,0,0,0,0,1,0,0,0
328,0,0,15,2,3,5,4,4,1,1,1,0,1,1,0,0,0,0,1,1,0,1,0,0,0,1,0,0,0,0,1,1,0
329,0,0,7,1,3,5,3,5,1,1,3,0,1,1,0,1,1,1,1,1,0,1,0,0,0,0,0,0,0,0,0,1,0
330,0,0,15,2,3,4,3,3,1,1,3,0,1,1,0,1,1,1,1,1,0,1,0,0,0,1,0,0,0,0,1,1,0
331,2,0,11,2,2,4,4,3,1,1,3,0,0,0,0,1,1,0,1,1,0,1,0,0,0,1,0,0,1,0,0,1,0
332,0,0,6,1,2,5,1,5,1,1,4,0,0,1,0,1,1,1,1,1,0,1,0,0,0,1,0,0,1,0,0,1,0
333,2,0,10,3,1,4,2,4,3,5,3,1,1,1,0,0,0,0,1,0,0,0,0,0,0,1,0,0,0,0,1,0,0
334,12,0,12,1,3,4,3,4,1,1,5,1,1,0,1,1,1,1,1,1,0,0,0,0,0,1,0,0,0,0,1,1,0
335,15,1,6,1,2,4,4,4,2,4,5,1,1,1,0,1,1,1,1,0,0,0,1,0,0,1,0,0,1,0,0,1,0
336,0,0,11,1,3,4,3,3,1,1,5,1,1,1,1,1,1,1,1,1,0,0,1,0,0,0,0,0,0,0,0,1,0
337,0,0,14,1,2,4,3,3,2,3,2,0,1,1,0,1,0,1,0,1,0,1,0,0,0,1,0,0,1,0,0,1,0
338,4,0,11,1,2,4,4,3,1,3,4,1,1,0,0,1,1,1,1,1,0,1,0,0,0,1,0,0,0,0,1,1,0
339,11,0,9,1,2,4,4,4,1,3,3,1,0,1,0,1,1,0,1,0,0,0,1,0,0,0,1,0,0,0,1,1,0
340,0,2,14,1,1,5,5,3,1,1,5,1,1,0,0,1,1,1,0,0,0,0,1,0,0,1,0,0,0,0,0,0,1
341,10,0,13,1,3,3,2,3,1,2,2,1,1,1,0,1,1,1,1,1,0,0,1,0,0,0,1,0,0,0,1,1,0
342,2,0,13,2,3,4,2,1,2,3,3,1,1,1,1,1,0,1,1,1,0,0,1,0,0,0,1,0,0,0,1,0,1
343,8,0,13,3,4,5,4,5,2,3,5,1,1,0,0,0,1,0,0,0,0,1,0,0,0,1,0,0,0,0,1,1,0
344,0,0,13,1,2,4,3,5,1,1,5,0,1,0,1,1,1,1,1,1,0,1,0,0,0,1,0,0,0,0,0,1,0
345,0,3,9,2,1,4,5,1,1,1,3,1,1,1,0,1,1,1,1,0,0,1,0,0,0,1,0,0,1,0,0,1,0
346,4,0,14,1,2,3,2,2,1,1,5,1,1,0,0,1,1,1,1,0,0,0,0,1,1,0,0,0,0,0,1,1,0
347,0,0,17,1,3,4,2,2,1,2,3,0,1,1,0,1,1,1,1,1,1,0,0,0,0,0,1,0,0,0,1,1,0
348,2,1,9,3,2,4,4,2,1,2,2,0,1,0,0,0,1,1,1,1,0,0,0,0,0,0,1,0,0,0,0,1,0
349,0,0,13,1,1,3,3,4,2,3,5,0,1,1,0,1,1,1,1,1,0,0,1,0,0,0,1,0,0,0,0,1,0
350,0,0,9,4,2,5,3,3,1,1,5,0,1,0,1,1,0,1,1,0,0,0,0,0,0,0,0,1,0,0,0,1,0
351,2,0,10,3,2,5,4,5,2,4,5,0,1,0,0,1,0,1,1,0,0,0,0,0,0,1,0,0,0,0,0,1,0
352,0,1,5,2,1,4,3,2,1,3,5,0,1,0,0,0,0,1,1,0,0,1,0,0,0,0,1,0,0,1,0,1,0
353,56,0,9,1,2,5,3,3,2,3,1,1,1,1,1,1,1,0,1,1,0,1,0,0,0,1,0,0,0,0,1,1,0
354,2,0,9,1,3,4,3,3,1,3,4,0,1,1,1,1,1,1,1,1,0,1,0,0,0,1,0,0,1,0,0,1,0
355,8,2,5,2,2,2,5,5,1,1,1,1,1,0,1,0,1,1,0,1,0,0,1,0,0,0,0,0,0,0,0,1,0
356,8,0,9,2,2,2,3,5,1,4,3,0,1,0,0,0,1,0,1,1,0,1,0,0,0,0,0,0,0,0,1,1,0
357,0,0,13,2,4,4,3,2,1,1,5,0,1,1,0,1,1,1,1,0,0,1,0,0,0,1,0,0,0,0,1,0,0
358,40,1,13,1,3,4,1,2,1,1,3,0,1,1,1,1,0,1,1,1,0,1,0,0,0,1,0,0,0,0,1,0,1
359,6,0,7,2,1,5,4,3,2,4,4,1,1,1,1,0,0,1,1,0,0,0,1,0,0,0,1,0,0,0,0,1,0
360,10,0,9,1,2,3,4,3,2,3,3,1,1,1,0,1,1,1,1,0,0,0,0,1,0,1,0,0,1,0,0,1,0
361,4,0,11,1,1,5,4,4,1,1,1,1,1,1,1,1,1,1,1,1,0,1,0,0,0,1,0,0,0,0,0,1,0
362,0,0,14,2,3,4,5,5,1,2,2,1,1,1,0,1,1,1,1,1,0,1,0,0,0,1,0,0,1,0,0,1,0
363,8,0,12,4,4,1,3,5,3,5,1,1,1,1,1,1,0,1,1,0,0,1,0,0,0,1,0,0,1,0,0,0,0
364,6,0,11,1,1,4,5,4,1,1,4,0,1,1,1,1,1,1,1,0,0,0,1,0,0,0,0,0,1,0,0,1,0
365,0,0,10,1,1,4,1,2,2,1,2,0,1,1,0,0,0,0,1,0,0,1,0,0,0,0,0,0,0,1,0,0,0
366,2,0,14,2,2,4,4,4,1,3,1,0,1,1,0,1,1,0,1,1,0,1,0,0,0,1,0,0,0,0,1,1,0
367,0,1,4,1,1,2,3,1,2,2,5,0,1,1,0,0,0,1,1,0,0,0,1,0,0,1,0,0,0,0,0,1,0
368,6,0,10,1,2,2,4,4,2,3,4,1,1,0,0,1,0,1,1,1,1,0,0,0,0,0,0,1,0,1,0,1,0
369,11,2,9,1,2,5,5,4,4,5,4,0,1,0,0,0,1,0,0,0,0,0,1,0,0,0,1,0,0,0,0,0,1
370,8,0,11,1,3,4,4,5,1,3,5,0,1,1,0,1,1,1,1,1,0,0,1,0,0,1,0,0,0,0,0,1,0
371,0,0,18,1,3,4,3,3,1,2,2,0,1,1,0,1,1,1,1,1,0,0,0,0,0,0,0,0,0,1,0,1,0
372,6,0,15,2,2,4,3,3,1,1,1,0,1,1,1,1,1,1,1,1,0,0,0,0,1,0,0,0,0,0,1,1,0
373,4,0,12,2,2,4,4,4,2,3,5,0,1,1,1,1,1,1,1,1,0,0,1,0,0,0,1,0,0,0,1,0,0
374,0,0,17,1,1,4,3,5,3,5,5,1,0,1,0,1,1,1,1,0,0,1,0,0,0,0,1,0,0,0,1,1,0
375,7,1,8,1,1,4,3,3,2,3,3,0,1,1,1,0,1,0,1,0,0,0,0,0,0,0,1,0,0,0,0,1,0
376,10,0,10,1,2,3,2,4,2,4,4,0,1,1,0,1,1,0,1,0,0,0,1,0,1,0,0,0,1,0,0,0,0
377,2,1,9,1,1,5,3,3,1,4,2,0,1,1,0,1,1,1,1,0,0,0,0,0,0,0,1,0,0,0,0,0,0
378,10,0,16,1,4,4,5,5,1,3,2,1,1,1,1,1,1,1,1,1,0,1,0,0,0,0,1,0,0,0,1,0,0
379,0,0,12,1,2,4,4,2,1,2,5,0,1,1,0,1,1,1,1,1,0,1,0,0,0,0,1,0,0,0,0,0,0
380,6,0,12,2,2,4,4,4,2,3,5,0,1,1,1,1,1,0,1,1,0,0,1,0,0,1,0,0,0,0,0,1,0
381,4,0,10,1,1,5,5,5,5,5,3,1,1,1,0,0,0,0,1,0,0,0,0,0,0,0,1,0,0,0,1,1,0
382,2,0,8,1,2,4,3,2,1,1,3,0,0,1,0,1,1,1,1,0,0,0,0,1,0,1,0,0,0,0,0,1,0
383,10,0,12,2,2,4,3,1,1,1,5,1,1,1,1,1,1,1,1,1,0,1,0,0,0,1,0,0,0,0,1,1,0
384,2,0,13,1,3,4,2,2,1,1,5,1,1,1,0,1,1,1,1,1,0,0,0,1,0,0,1,0,0,0,0,1,0
385,26,0,7,2,2,4,3,5,1,1,2,0,1,1,0,1,1,1,1,1,0,0,1,0,0,1,0,0,1,0,0,1,0
386,2,0,15,1,2,4,3,3,2,2,5,0,1,0,0,1,1,1,1,0,0,0,0,1,0,1,0,0,1,0,0,1,0
387,0,0,7,1,2,4,3,2,2,3,2,0,1,1,1,1,1,1,1,1,0,1,0,0,0,1,0,0,1,0,0,1,0
388,0,0,10,2,1,5,2,3,1,2,4,0,1,1,1,0,1,1,1,1,0,0,0,0,0,0,1,0,0,0,0,0,0
389,2,0,15,1,3,4,3,4,2,5,5,1,0,1,0,1,0,1,1,1,0,0,0,0,0,0,1,0,0,0,0,0,0
390,2,0,11,2,1,4,5,5,2,3,5,0,1,1,0,0,0,1,1,0,0,0,1,0,0,1,0,0,0,0,0,0,0
391,0,0,6,1,1,5,4,5,1,1,3,1,0,1,0,1,1,0,1,0,0,0,0,1,0,1,0,0,0,0,0,1,0
392,1,0,13,1,3,5,3,2,1,1,3,1,0,0,0,1,0,1,1,0,0,1,0,0,0,1,0,0,0,0,0,1,0
393,6,0,13,1,2,4,3,2,1,1,5,0,0,1,0,1,1,1,1,1,0,0,0,0,0,1,0,0,0,0,0,1,0
394,0,0,10,1,1,3,3,3,1,2,3,1,1,1,1,1,1,1,1,0,0,0,1,0,0,0,1,0,0,1,0,1,0
395,2,0,11,1,3,4,3,3,2,2,5,0,0,0,1,0,0,0,1,1,0,1,0,0,0,1,0,0,0,0,0,1,0
396,8,0,15,1,2,5,2,4,1,2,4,1,1,1,0,1,1,1,1,0,0,1,0,0,0,1,0,0,1,0,0,1,0
397,14,0,7,1,1,4,5,5,5,5,4,1,1,1,0,1,1,1,1,0,0,0,1,0,0,0,1,0,0,1,0,1,0
398,4,0,12,1,1,3,4,4,1,4,5,1,1,1,0,1,1,1,1,0,1,0,0,0,0,1,0,0,0,0,0,1,0
399,2,0,12,1,3,5,3,5,1,1,3,0,1,1,0,1,1,1,1,1,0,1,0,0,0,0,0,0,0,0,0,1,0
400,19,1,11,1,1,4,4,4,3,4,3,0,1,1,0,1,1,0,0,0,0,0,0,1,0,0,1,0,1,0,0,1,0
401,4,0,7,1,2,3,3,3,2,3,2,0,1,0,0,1,1,0,1,1,0,1,0,0,0,1,0,0,1,0,0,0,0
402,0,1,7,1,3,4,1,2,1,1,2,1,1,1,0,1,0,1,1,1,0,0,1,0,0,1,0,0,0,0,1,0,0
403,5,3,7,1,2,2,3,3,2,2,4,0,1,1,0,1,1,1,0,1,0,0,1,0,0,1,0,0,0,0,0,1,0
404,8,0,10,2,1,4,2,3,1,2,1,1,1,1,0,1,1,0,1,0,0,0,0,1,0,0,1,0,0,0,0,1,0
405,2,0,15,1,1,4,4,4,1,1,5,1,1,1,0,1,0,1,1,1,0,0,0,1,0,0,0,1,0,0,0,1,0
406,4,0,16,2,2,4,4,3,1,1,2,1,1,0,0,1,1,1,1,0,0,1,0,0,0,0,0,1,0,0,1,0,0
407,0,0,15,1,3,4,2,2,1,2,3,0,1,1,0,1,1,1,1,1,1,0,0,0,0,0,1,0,0,0,1,1,0
408,10,0,11,2,3,5,3,3,1,3,2,1,1,1,1,1,1,1,1,0,0,0,0,0,0,1,0,0,0,0,1,1,0
409,6,0,14,1,4,5,5,4,1,2,5,1,1,1,0,1,1,1,1,0,0,0,1,0,0,0,1,0,1,0,0,0,0
410,0,0,5,1,2,5,3,1,1,1,5,1,1,1,1,0,0,0,0,1,0,0,0,1,0,1,0,0,0,0,1,1,0
411,0,0,19,2,3,5,3,2,1,1,4,0,1,1,0,0,1,0,1,1,0,0,0,0,0,0,1,0,0,0,0,0,0
412,10,0,14,3,2,3,2,2,4,2,5,0,0,1,1,0,0,1,1,1,0,1,0,0,0,0,0,1,0,1,0,0,0
413,6,0,13,1,2,4,3,4,1,2,2,0,1,0,0,1,1,0,1,1,0,0,0,0,0,1,0,0,0,0,0,1,0
414,6,0,14,1,1,3,4,3,1,2,4,0,1,1,0,1,1,1,1,0,0,1,0,0,0,1,0,0,0,0,1,0,0
415,0,0,18,2,2,4,3,5,1,2,1,1,0,1,0,0,1,1,1,1,0,0,0,1,0,0,0,1,0,0,1,1,0
416,12,1,8,1,2,3,1,2,1,1,5,1,1,1,0,1,1,1,1,1,0,0,0,0,0,1,0,0,1,0,0,1,0
417,13,0,13,1,1,3,1,3,4,5,4,0,1,1,0,1,0,1,1,0,0,1,0,0,0,0,1,0,0,0,1,0,0
418,14,1,9,4,1,5,5,4,1,1,5,0,1,1,0,1,0,0,0,1,0,1,0,0,0,1,0,0,0,0,0,0,1
419,0,0,7,2,1,4,4,3,1,3,5,1,0,1,1,0,0,1,1,0,0,1,0,0,0,1,0,0,0,1,0,1,0
420,0,2,7,2,1,3,3,2,2,2,5,1,1,1,1,1,0,0,1,0,0,0,0,0,0,1,0,0,0,0,0,1,0
421,0,0,11,1,1,3,2,2,1,3,3,1,0,1,1,1,1,1,1,0,0,1,0,0,0,0,1,0,0,0,0,0,0
422,0,0,8,2,1,3,3,2,1,3,3,1,0,0,0,1,0,1,1,0,0,1,0,0,0,1,0,0,0,0,0,1,0
423,2,0,16,1,2,3,2,3,1,2,1,0,0,1,0,1,1,1,1,1,0,0,0,0,0,0,1,0,0,0,0,1,0
424,1,0,11,2,2,4,3,3,1,1,2,1,1,1,0,0,0,1,1,1,0,0,0,0,0,1,0,0,1,0,0,0,0
425,7,0,15,2,3,2,4,3,1,1,5,1,1,1,1,1,0,1,0,0,0,1,0,0,0,0,0,1,0,0,1,1,0
426,9,1,9,1,2,3,4,4,2,3,5,1,1,1,1,0,1,1,1,1,0,1,0,0,0,1,0,0,0,0,0,0,0
427,8,1,14,1,2,4,4,3,1,1,3,1,1,1,0,1,1,1,1,1,0,0,1,0,0,0,0,0,0,0,1,0,1
428,0,0,17,1,2,4,2,3,1,1,3,0,1,1,1,1,1,1,1,1,1,0,0,0,0,0,1,0,1,0,0,0,0
429,8,0,8,1,2,5,3,4,1,1,2,1,1,1,1,1,1,1,0,1,0,1,0,0,0,1,0,0,0,1,0,1,0
430,13,0,12,1,2,5,3,5,4,5,3,0,1,1,1,1,1,0,1,0,0,0,1,0,0,1,0,0,1,0,0,1,0
431,4,0,10,1,2,3,1,2,1,2,1,1,0,1,1,1,1,1,1,1,0,0,1,0,0,1,0,0,1,0,0,1,0
432,10,0,12,2,3,3,2,3,1,2,3,1,1,1,1,1,1,1,0,1,0,1,0,0,0,1,0,0,0,0,0,1,0
433,0,0,12,1,2,4,4,1,1,1,1,0,1,1,0,1,1,1,1,0,0,0,0,1,0,1,0,0,0,0,1,1,0
434,4,1,8,3,1,4,4,4,3,3,5,0,1,1,0,0,0,1,1,0,0,1,0,0,0,1,0,0,1,0,0,0,1
435,4,0,13,1,3,5,3,3,1,3,1,1,1,1,0,1,1,1,1,1,0,1,0,0,0,1,0,0,0,0,1,1,0
436,8,0,10,1,1,4,3,3,3,4,3,1,1,1,1,1,0,1,1,0,0,0,0,1,0,0,1,0,0,1,0,1,0
437,6,1,7,1,3,5,3,1,1,1,3,1,1,0,1,0,1,1,1,1,0,0,0,0,0,0,1,0,0,0,0,1,0
438,0,0,6,2,2,4,3,5,1,2,3,0,1,1,1,1,0,1,1,1,0,1,0,0,0,1,0,0,0,0,1,1,0
439,2,0,10,1,3,4,3,2,1,1,5,1,1,1,0,1,0,1,1,1,0,0,1,0,1,0,0,0,0,0,0,1,0
440,2,0,13,2,4,4,3,2,1,1,5,0,1,1,0,1,1,1,1,0,0,1,0,0,0,1,0,0,0,0,1,0,0
441,8,0,10,2,1,4,1,4,5,5,1,0,0,0,0,0,1,0,1,0,0,0,0,0,0,0,1,0,1,0,0,1,0
442,22,2,6,1,2,3,4,5,2,4,1,0,1,1,1,1,1,1,1,1,0,1,0,0,0,1,0,0,0,0,1,1,0
443,8,0,11,1,1,4,2,2,1,2,5,0,1,1,0,1,1,1,1,0,0,1,0,0,0,1,0,0,1,0,0,1,0
444,0,0,12,1,2,4,5,1,1,3,5,1,1,1,0,1,1,0,1,0,0,0,0,1,0,1,0,0,0,0,0,1,0
445,18,0,7,1,1,5,3,2,1,2,3,0,1,1,0,1,0,1,1,1,0,1,0,0,0,1,0,0,0,0,1,1,0
446,2,0,11,4,1,4,4,5,5,5,4,0,1,1,0,1,0,1,1,0,0,0,1,0,0,1,0,0,0,0,0,1,0
447,4,0,10,2,1,2,4,3,2,3,4,1,1,1,0,0,1,0,1,0,0,0,0,0,0,0,1,0,0,0,0,1,0
448,9,0,16,1,3,5,3,2,1,2,4,0,1,1,1,1,0,1,1,0,0,0,0,1,0,0,1,0,0,0,0,1,0
449,0,0,10,1,2,4,5,3,1,2,5,1,1,0,1,1,0,1,1,0,0,1,0,0,0,0,1,0,0,0,1,0,0
450,5,1,9,1,1,3,2,5,4,4,5,0,1,1,1,1,1,1,1,1,0,0,0,1,0,1,0,0,1,0,0,0,1
451,2,0,12,1,3,4,3,2,1,1,5,1,1,1,0,1,0,1,1,1,0,0,1,0,1,0,0,0,0,0,0,1,0
452,4,0,11,1,2,3,2,3,1,1,5,0,1,0,0,1,0,1,1,1,0,1,0,0,0,1,0,0,1,0,0,1,0
453,4,0,12,1,2,4,4,4,1,1,5,0,1,1,0,1,1,0,1,1,0,0,1,0,0,1,0,0,0,0,1,1,0
454,4,0,8,2,2,5,4,4,1,1,4,1,1,1,0,1,1,1,1,1,0,1,0,0,0,1,0,0,1,0,0,1,0
455,2,0,13,1,2,4,4,4,1,1,3,1,0,1,0,1,1,1,1,1,0,0,1,0,0,0,0,1,0,1,0,0,0
456,0,0,12,1,2,3,3,3,2,3,2,0,1,0,0,1,1,0,1,1,0,1,0,0,0,1,0,0,1,0,0,0,0
457,4,0,11,1,2,5,2,3,1,1,2,1,1,1,1,1,1,1,1,0,0,1,0,0,0,1,0,0,0,0,0,1,0
458,0,0,11,1,3,4,3,3,1,2,3,0,1,1,0,1,1,1,1,1,0,0,0,0,0,1,0,0,0,0,0,1,0
459,9,2,4,1,2,4,4,5,1,3,3,1,1,1,0,0,1,1,1,0,0,0,0,0,0,0,0,0,0,0,0,1,0
460,0,0,10,2,3,4,2,2,2,2,5,0,1,1,1,1,0,1,1,1,0,0,1,0,0,0,0,1,0,0,0,0,0
461,2,0,10,2,2,4,1,4,1,1,1,0,1,0,0,1,1,1,0,1,0,1,0,0,0,0,0,1,1,0,0,1,0
462,4,0,9,1,2,4,3,3,2,3,2,0,1,1,0,1,0,1,0,1,0,1,0,0,0,1,0,0,1,0,0,1,0
463,10,0,11,1,2,4,3,3,1,1,2,0,1,1,0,1,1,1,1,1,0,0,1,0,0,0,1,0,0,0,0,1,0
464,16,0,11,1,2,3,4,5,2,4,1,0,1,1,1,1,1,1,1,1,0,1,0,0,0,1,0,0,0,0,1,1,0
465,12,0,5,1,2,2,4,3,1,2,3,0,1,1,0,1,1,1,1,1,0,0,0,0,0,1,0,0,0,0,0,1,0
466,4,0,9,1,1,4,4,4,2,4,5,0,1,0,0,0,0,0,1,0,0,1,0,0,0,0,0,0,0,0,0,1,0
467,0,0,14,1,2,5,3,3,1,1,1,1,1,1,0,0,1,1,1,1,0,1,0,0,0,0,1,0,0,0,0,1,0
468,2,2,8,1,2,3,3,4,2,4,5,0,0,1,1,1,0,1,1,1,0,1,0,0,0,1,0,0,0,0,1,1,0
469,2,0,13,3,2,5,3,2,1,1,4,1,1,0,0,1,1,1,1,1,0,1,0,0,0,1,0,0,0,0,1,1,0
470,0,0,8,1,2,5,3,2,1,1,2,1,0,1,0,1,1,0,1,0,0,1,0,0,0,1,0,0,0,0,0,1,0
471,0,0,18,2,4,4,2,3,3,1,5,0,1,1,1,0,1,1,1,1,0,0,0,1,0,1,0,0,0,0,0,0,0
472,4,0,10,4,3,4,3,2,1,2,4,0,1,1,0,0,0,1,1,1,0,1,0,0,0,1,0,0,1,0,0,1,0
473,0,0,17,1,2,4,5,2,1,1,5,1,1,1,1,1,0,1,1,0,0,0,0,1,0,0,0,0,0,0,0,1,0
474,0,0,7,2,2,5,4,5,4,5,3,1,1,0,1,0,1,1,1,0,0,0,0,0,0,0,1,0,1,0,0,1,0
475,22,0,9,2,1,3,2,4,1,4,3,1,1,1,0,1,1,1,1,0,0,0,0,1,0,0,1,0,1,0,0,1,0
476,0,0,10,1,4,4,3,3,1,2,5,0,1,1,0,1,1,1,1,1,0,0,1,0,0,1,0,0,0,0,0,1,0
477,0,1,7,1,3,5,4,2,1,2,5,1,0,1,0,0,0,1,1,1,0,0,1,0,0,1,0,0,0,0,0,1,0
478,16,1,10,2,1,2,2,3,3,4,5,0,1,1,0,1,1,0,0,1,0,0,0,0,0,1,0,0,1,0,0,0,1
479,4,0,15,1,3,5,3,2,1,1,5,1,0,1,0,1,1,1,1,1,0,0,0,1,0,0,1,0,1,0,0,1,0
480,2,0,13,3,2,2,1,1,1,1,3,1,1,0,0,1,0,1,1,1,0,0,0,0,0,0,1,0,0,0,0,1,0
481,0,0,14,1,2,4,3,3,2,3,2,1,0,1,1,0,0,1,1,1,1,0,0,0,0,0,0,1,0,0,1,0,0
482,0,0,8,2,2,5,3,3,1,2,1,1,1,1,0,1,1,1,1,1,0,0,1,0,0,1,0,0,0,0,0,1,0
483,2,0,16,1,3,5,3,3,1,1,5,1,1,1,0,1,1,1,1,0,0,0,1,0,0,1,0,0,1,0,0,0,0
484,0,0,13,1,2,4,4,4,2,4,2,1,1,1,1,1,1,0,1,1,0,0,1,0,0,0,1,0,0,0,1,0,0
485,0,0,10,1,3,4,4,3,1,1,5,0,1,1,0,0,1,1,0,0,0,1,0,0,0,1,0,0,0,1,0,1,0
486,12,0,10,3,3,1,5,5,4,3,5,1,1,0,1,1,1,1,1,1,0,1,0,0,0,1,0,0,0,0,0,0,1
487,0,0,10,2,1,4,5,5,2,4,5,1,1,1,0,0,0,0,1,0,0,0,0,0,0,1,0,0,0,0,0,1,0
488,2,0,9,2,1,5,2,2,1,1,2,0,1,1,0,1,1,1,1,0,0,1,0,0,0,1,0,0,0,0,0,0,0
489,6,0,12,1,2,5,4,2,1,2,5,1,1,1,0,1,1,0,1,0,0,0,1,0,0,1,0,0,0,0,1,1,0
490,12,0,11,1,2,4,2,2,1,1,3,0,1,0,1,1,1,1,1,1,0,1,0,0,0,1,0,0,0,0,0,1,0
491,4,0,17,1,2,3,2,4,1,4,2,1,0,1,0,0,1,1,1,0,0,0,0,1,0,0,0,1,1,0,0,0,0
492,0,0,18,2,4,3,1,2,1,1,3,0,1,0,0,1,0,0,1,1,0,0,1,0,0,1,0,0,0,0,1,1,0
493,0,0,11,1,3,4,3,3,1,1,3,1,1,1,1,1,1,1,1,1,0,0,0,0,0,0,1,0,1,0,0,1,0
494,4,0,11,1,1,4,1,2,1,1,5,0,1,0,1,0,1,0,0,0,0,1,0,0,0,1,0,0,1,0,0,1,0
495,0,1,7,1,2,5,5,4,3,5,2,0,1,1,0,1,1,1,1,0,0,1,0,0,0,0,1,0,0,0,1,0,0
496,6,0,6,2,2,4,1,4,1,1,1,0,1,0,0,1,1,1,0,1,0,1,0,0,0,0,0,1,1,0,0,1,0
497,0,0,7,1,2,5,3,4,1,1,4,1,1,1,0,1,1,1,1,1,0,0,1,0,0,0,1,0,1,0,0,1,0
498,2,0,8,1,2,4,3,5,1,1,5,0,1,0,1,1,1,1,1,1,0,1,0,0,0,1,0,0,0,0,0,1,0
499,0,0,11,2,3,5,4,5,1,4,3,0,1,1,1,0,1,0,1,1,0,0,1,0,0,0,1,0,0,0,0,0,0
500,2,1,7,2,1,4,4,4,1,2,5,1,1,1,0,1,1,0,1,0,1,0,0,0,0,1,0,0,0,0,0,1,0
501,5,0,11,2,2,5,3,3,1,2,2,1,1,1,1,0,0,0,0,1,0,0,1,0,0,1,0,0,0,0,1,1,0
502,2,0,17,2,4,5,2,2,1,1,3,1,1,0,0,1,0,0,1,1,0,0,0,0,0,1,0,0,0,0,1,1,0
503,0,1,10,1,2,4,5,5,4,4,5,0,1,1,1,1,1,1,1,0,0,1,0,0,0,0,1,0,0,0,0,0,0
504,4,0,13,2,3,2,4,3,1,1,5,1,1,1,1,1,0,1,0,0,0,1,0,0,0,0,0,1,0,0,1,1,0
505,2,1,8,3,1,5,5,5,1,1,1,1,1,1,1,1,0,1,1,1,0,1,0,0,0,1,0,0,0,0,0,1,0
506,2,0,12,2,2,4,3,5,1,1,1,1,0,1,0,0,1,1,1,1,0,0,1,0,0,0,0,0,0,0,1,0,0
507,4,0,10,3,1,4,4,1,3,4,5,0,0,1,0,0,0,0,1,0,0,0,1,0,0,1,0,0,0,0,0,1,0
508,6,1,10,1,1,4,1,2,1,1,3,0,1,1,1,1,1,1,1,1,0,1,0,0,0,0,0,0,1,0,0,1,0
509,0,3,6,1,1,2,3,5,2,5,4,0,1,1,1,1,1,0,1,0,0,1,0,0,0,1,0,0,0,0,0,1,0
510,2,0,12,1,1,5,3,3,1,1,5,1,0,1,0,1,1,1,1,0,0,0,1,0,0,1,0,0,0,0,0,1,0
511,2,0,10,4,3,4,4,3,1,1,5,0,1,0,0,0,0,1,1,1,0,0,0,0,0,1,0,0,0,1,0,0,0
512,2,0,19,1,2,4,3,3,1,1,5,1,1,1,0,1,1,1,1,0,0,0,1,0,0,0,0,1,0,0,0,0,0
513,2,0,15,1,2,4,3,2,1,4,5,1,1,1,1,1,1,1,1,0,0,0,0,1,0,1,0,0,1,0,0,1,0
514,0,1,9,2,3,4,3,1,1,1,5,1,1,1,1,1,0,0,1,0,0,0,0,0,0,0,1,0,0,0,0,1,0
515,6,0,11,2,1,3,2,4,1,4,3,1,1,1,0,1,1,1,1,0,0,0,0,1,0,0,1,0,1,0,0,1,0
516,2,0,9,1,2,4,3,2,2,3,4,1,0,1,0,1,1,1,1,1,0,1,0,0,0,1,0,0,1,0,0,0,0
517,3,1,13,1,2,4,5,2,2,2,4,0,0,1,0,1,1,1,1,0,0,1,0,0,0,0,1,0,0,0,0,0,1
518,2,0,10,1,3,5,3,2,1,2,5,0,0,1,0,1,1,1,1,0,0,1,0,0,0,1,0,0,1,0,0,1,0
519,0,0,10,1,4,3,4,1,1,1,2,1,1,1,1,1,1,0,1,1,0,0,1,0,0,0,1,0,0,0,0,0,0
520,2,0,14,1,3,4,3,4,1,1,5,1,1,1,1,1,1,1,1,1,0,1,0,0,0,1,0,0,0,0,0,1,0
521,0,0,12,1,2,5,1,5,1,1,4,0,0,1,0,1,1,1,1,1,0,1,0,0,0,1,0,0,1,0,0,1,0
522,8,0,16,1,1,2,2,2,3,3,5,0,1,0,0,1,0,0,1,0,0,1,0,0,0,1,0,0,0,0,1,1,0
523,0,0,17,2,2,4,3,1,1,1,5,1,1,1,0,1,1,1,1,0,0,0,1,0,0,0,1,0,0,0,1,1,0
524,2,0,14,1,4,4,2,3,1,1,4,1,1,1,0,1,1,0,1,1,0,0,0,1,0,0,1,0,0,0,1,1,0
525,8,0,7,1,4,5,1,2,1,1,3,0,1,1,0,1,1,1,1,1,0,1,0,0,0,1,0,0,0,0,0,1,0
526,0,0,8,1,1,3,2,2,1,1,5,0,1,0,1,0,1,1,1,1,1,0,0,0,0,0,0,0,0,0,0,1,0
527,0,0,14,1,2,5,5,1,1,1,5,1,1,1,0,1,1,1,1,0,0,1,0,0,0,1,0,0,1,0,0,1,0
528,0,0,10,1,2,4,3,3,1,1,5,0,1,1,0,1,1,1,1,1,0,0,1,0,0,0,1,0,1,0,0,1,0
529,6,1,9,1,1,4,4,4,3,5,5,1,1,0,1,1,1,0,1,0,0,0,0,0,0,1,0,0,0,0,0,1,0
530,6,0,16,1,2,5,4,4,1,2,5,1,1,1,0,1,1,1,1,0,0,0,0,1,0,0,0,1,0,0,0,0,0
531,0,0,12,1,3,4,3,3,1,1,4,1,1,1,0,1,1,1,1,1,0,0,0,0,0,0,0,0,0,0,0,1,0
532,0,0,10,3,2,5,1,3,3,3,1,0,1,1,1,0,1,1,1,0,0,0,0,0,0,0,1,0,0,1,0,1,0
533,2,0,10,1,1,5,3,3,1,4,2,0,1,1,0,1,1,1,1,0,0,0,0,0,0,0,1,0,0,0,0,0,0
534,6,0,7,2,3,4,4,2,1,1,4,1,1,1,1,1,0,1,1,1,0,0,0,1,0,1,0,0,0,0,1,1,0
535,2,2,8,3,2,5,3,4,1,1,4,0,0,1,1,1,1,0,0,1,0,1,0,0,0,1,0,0,0,0,0,0,1
536,6,0,6,3,2,4,3,2,1,3,5,0,1,1,0,0,1,0,1,1,0,0,0,0,0,1,0,0,0,1,0,1,0
537,2,0,10,2,1,5,5,5,1,3,3,0,1,1,0,0,0,1,1,1,0,1,0,0,0,1,0,0,0,0,0,1,0
538,0,0,18,1,1,1,4,2,2,2,1,0,1,1,1,1,1,0,1,0,0,0,0,1,0,0,0,1,1,0,0,1,0
539,0,0,7,1,3,4,3,3,1,3,4,0,1,1,1,1,1,1,1,1,0,1,0,0,0,1,0,0,1,0,0,1,0
540,2,0,13,1,2,4,3,2,2,3,4,1,0,1,0,1,1,1,1,1,0,1,0,0,0,1,0,0,1,0,0,0,0
541,4,0,8,1,2,4,3,4,1,2,3,0,1,1,1,0,1,1,1,1,1,0,0,0,1,0,0,0,0,0,0,1,0
542,3,0,14,2,1,2,4,5,3,4,2,0,0,1,0,0,1,0,1,0,0,0,1,0,0,0,1,0,0,0,0,1,0
543,6,0,12,1,1,3,1,3,1,3,5,1,1,1,0,1,1,0,1,0,1,0,0,0,0,1,0,0,1,0,0,0,0
544,0,0,9,1,2,5,4,2,3,4,5,0,0,1,0,1,1,1,1,0,1,0,0,0,0,0,1,0,1,0,0,1,0
545,4,0,10,2,1,5,5,5,3,4,5,0,1,0,0,1,1,0,0,0,1,0,0,0,1,0,0,0,0,1,0,0,0
546,0,0,8,1,1,4,4,2,2,4,5,0,0,1,0,1,0,1,1,0,0,1,0,0,0,1,0,0,0,0,0,1,0
547,0,0,13,1,2,5,4,3,2,1,2,0,0,0,1,0,1,1,1,1,0,0,0,0,0,1,0,0,0,0,0,0,0
548,16,1,9,1,2,5,3,1,1,1,5,0,0,1,1,1,1,0,1,1,0,0,0,0,0,0,1,0,0,0,0,1,0
549,0,1,14,1,2,4,4,4,1,3,5,0,1,0,1,1,1,0,1,0,0,0,1,0,0,1,0,0,0,0,0,1,0
550,4,1,9,3,1,3,4,5,2,4,2,1,0,1,0,1,1,1,1,0,0,1,0,0,0,1,0,0,0,0,0,0,0
551,0,0,10,1,3,5,4,5,2,3,5,0,1,1,1,1,1,1,1,0,0,0,0,1,0,1,0,0,0,0,0,1,0
552,2,1,7,2,4,3,1,2,1,1,1,1,1,1,0,1,0,1,1,1,0,0,0,0,0,1,0,0,1,0,0,1,0
553,3,0,9,1,3,4,3,3,2,2,3,1,1,1,0,1,1,1,1,0,0,1,0,0,0,1,0,0,0,0,0,1,0
554,7,0,12,1,3,4,4,3,1,1,5,0,1,1,1,1,0,1,1,1,0,0,0,0,0,1,0,0,0,0,0,0,0
555,12,0,7,2,2,4,4,4,4,5,5,1,0,1,0,1,1,1,1,0,0,0,0,0,0,0,1,0,0,1,0,0,1
556,4,1,9,2,1,3,2,3,1,1,2,0,0,1,1,0,0,1,1,1,0,0,0,0,0,0,0,0,0,0,0,1,0
557,2,0,8,2,2,4,1,3,1,3,4,0,1,1,0,1,0,0,1,1,1,0,0,0,0,0,1,0,0,0,1,1,0
558,18,0,8,1,2,4,1,3,3,5,5,0,1,0,0,1,1,0,0,0,0,0,0,1,1,0,0,0,0,0,1,1,0
559,2,0,10,1,1,5,4,3,1,1,5,0,1,1,1,0,0,0,1,1,0,1,0,0,0,1,0,0,1,0,0,1,0
560,10,0,12,1,3,4,3,3,5,1,5,1,0,1,1,1,1,1,0,1,0,1,0,0,0,0,1,0,0,0,0,0,1
561,0,1,15,1,2,4,5,3,1,2,5,1,1,0,1,1,0,1,1,0,0,1,0,0,0,0,1,0,0,0,1,0,0
562,0,0,9,1,2,4,5,2,1,2,3,0,1,1,0,1,1,0,1,1,0,0,0,1,0,0,0,1,0,0,1,1,0
563,8,1,8,2,1,3,3,2,2,2,5,1,1,1,1,1,0,0,1,0,0,0,0,0,0,1,0,0,0,0,0,1,0
564,3,0,14,3,1,4,3,3,2,3,3,1,1,1,1,0,0,0,1,0,0,0,0,0,0,0,1,0,0,1,0,0,0
565,12,0,10,1,1,3,4,4,1,3,5,0,1,1,1,1,1,0,1,1,0,1,0,0,0,1,0,0,0,0,0,0,0
566,2,0,14,2,2,2,3,4,2,3,2,1,1,1,0,1,1,1,1,1,1,0,0,0,0,1,0,0,0,0,1,0,1
567,2,0,13,2,2,4,3,2,1,1,3,1,1,1,1,1,1,1,1,0,0,1,0,0,0,1,0,0,0,0,1,1,0
568,0,0,14,1,2,3,2,2,1,1,3,0,1,1,1,0,1,0,1,1,0,1,0,0,0,0,1,0,0,1,0,1,0
569,4,0,7,1,1,3,5,5,1,3,1,1,1,1,0,0,0,1,1,1,0,1,0,0,0,1,0,0,0,0,0,1,0
570,16,3,6,1,1,5,4,5,5,5,1,0,0,1,1,1,1,1,1,0,0,0,1,0,0,0,1,0,0,1,0,1,0
571,4,0,13,1,1,5,2,3,1,2,5,0,1,1,0,1,1,1,1,0,0,0,1,0,0,0,0,1,1,0,0,1,0
572,14,2,15,1,3,4,1,2,1,1,3,0,0,1,1,1,1,1,1,1,0,0,0,0,1,0,0,0,1,0,0,0,1
573,0,0,11,2,1,4,4,2,1,1,5,1,1,1,1,1,1,0,0,1,0,0,0,0,0,1,0,0,1,0,0,1,0
574,6,0,10,1,1,5,3,4,4,4,1,0,1,1,0,1,1,0,0,1,0,1,0,0,0,1,0,0,0,1,0,1,0
575,0,0,12,1,3,5,4,5,1,1,1,0,1,1,1,0,1,0,1,1,0,1,0,0,0,1,0,0,1,0,0,1,0
576,2,0,15,1,3,5,4,3,1,1,4,1,1,1,0,1,1,0,1,0,0,0,0,1,0,0,1,0,1,0,0,1,0
577,2,0,7,1,1,3,1,3,1,4,3,0,1,1,0,0,1,1,1,1,0,0,1,0,0,0,0,0,0,0,0,1,0
578,2,0,12,2,2,4,3,3,1,2,5,1,1,1,0,0,0,1,1,1,0,0,0,1,0,0,1,0,0,1,0,0,0
579,6,1,10,1,2,3,1,2,1,1,5,1,1,1,0,1,1,1,1,1,0,0,0,0,0,1,0,0,1,0,0,1,0
580,6,0,15,2,2,4,2,5,3,4,1,1,1,1,0,1,0,0,0,0,0,1,0,0,0,1,0,0,0,0,1,1,0
581,0,0,10,2,2,2,3,4,2,3,2,1,1,1,0,1,1,1,1,1,1,0,0,0,0,1,0,0,0,0,1,0,1
582,8,0,8,2,1,4,4,4,2,3,4,0,1,1,0,1,1,1,1,0,0,1,0,0,0,1,0,0,1,0,0,0,0
583,0,0,12,1,2,5,3,3,1,1,3,1,1,1,0,1,1,1,1,1,0,0,0,0,0,0,1,0,0,0,0,1,0
584,0,0,7,1,1,5,5,1,1,1,3,0,1,1,0,0,1,0,1,1,0,0,0,0,0,1,0,0,0,0,0,0,0
585,10,0,10,2,2,4,4,5,1,2,2,0,1,1,1,1,1,0,1,1,0,1,0,0,0,1,0,0,1,0,0,0,1
586,9,0,13,1,2,4,3,5,1,4,2,1,1,1,1,1,1,0,0,0,0,1,0,0,0,1,0,0,0,0,1,0,1
587,0,0,13,4,4,4,3,2,1,1,1,0,0,1,0,0,0,1,1,1,0,1,0,0,0,1,0,0,1,0,0,0,0
588,10,0,18,1,1,3,5,2,1,1,3,0,1,1,0,1,1,0,1,0,0,0,0,1,0,1,0,0,0,0,0,1,0
589,38,1,8,2,1,4,3,4,1,1,4,0,1,1,1,1,1,1,1,0,0,0,0,1,0,0,1,0,0,0,1,0,1
590,0,1,9,1,1,4,4,4,1,1,2,0,1,1,1,0,1,1,1,1,0,0,0,0,0,0,1,0,0,0,0,0,1
591,4,0,11,1,2,4,3,1,1,1,1,0,1,1,0,1,1,0,0,0,0,0,1,0,0,0,0,0,0,0,1,1,0
592,0,2,4,2,1,4,3,2,1,1,5,1,0,1,1,1,1,1,0,1,0,1,0,0,0,1,0,0,0,0,0,0,1
593,0,0,16,1,3,4,4,3,1,1,4,1,1,1,1,1,1,1,1,0,0,0,1,0,0,0,0,1,0,1,0,0,0
594,30,1,14,2,1,4,2,4,2,3,2,0,1,1,0,1,1,1,1,1,0,0,1,0,0,0,0,1,1,0,0,1,0
595,0,0,12,2,2,4,4,3,1,2,4,0,1,1,0,0,1,0,0,1,0,0,0,0,0,1,0,0,0,0,1,1,0
596,2,0,15,1,2,4,5,1,1,3,5,1,1,1,0,1,1,0,1,0,0,0,0,1,0,1,0,0,0,0,0,1,0
597,0,0,12,4,1,4,5,5,2,5,5,0,1,1,0,1,1,0,0,0,0,0,1,0,0,1,0,0,0,0,0,1,0
598,0,0,11,2,2,5,1,3,1,1,5,0,1,0,0,0,0,1,1,1,0,1,0,0,0,1,0,0,0,1,0,1,0
599,4,0,19,1,4,4,2,2,1,1,2,1,1,1,0,1,1,1,1,0,1,0,0,0,0,0,1,0,0,0,1,1,0
600,6,1,11,2,1,5,5,5,3,4,5,0,1,0,0,1,1,0,0,0,1,0,0,0,1,0,0,0,0,1,0,0,0
601,0,0,11,1,2,4,2,3,1,2,3,1,1,1,1,1,1,1,1,0,0,0,1,0,0,1,0,0,1,0,0,1,0
602,0,0,14,2,3,5,4,2,1,1,4,1,1,1,0,1,0,0,1,0,0,0,1,0,0,1,0,0,0,0,1,1,0
603,0,1,6,2,1,4,3,2,1,3,5,0,1,0,0,0,0,1,1,0,0,1,0,0,0,0,1,0,0,1,0,1,0
604,0,0,13,2,2,4,4,5,1,2,2,0,1,1,1,1,1,0,1,1,0,1,0,0,0,1,0,0,1,0,0,0,1
605,6,0,11,1,1,5,3,4,1,2,1,1,0,1,0,1,1,1,1,1,0,1,0,0,0,1,0,0,0,0,1,1,0
606,2,0,15,1,3,3,2,2,1,1,5,1,1,1,1,1,1,1,1,1,1,0,0,0,0,0,1,0,1,0,0,1,0
607,2,0,7,3,2,4,2,1,1,1,2,0,0,0,0,0,0,0,1,1,0,0,0,0,0,1,0,0,0,1,0,1,0
608,2,0,11,1,3,4,3,2,1,1,5,1,1,1,0,1,0,1,1,1,0,0,1,0,1,0,0,0,0,0,0,1,0
609,0,0,11,2,1,4,1,1,2,2,5,0,1,1,0,1,1,0,1,0,0,1,0,0,0,0,0,1,1,0,0,0,0
610,2,0,10,1,2,4,3,2,1,1,3,0,0,1,0,1,1,1,1,0,0,0,0,1,0,1,0,0,0,0,0,1,0
611,0,0,11,1,1,4,3,2,2,4,5,0,0,1,0,1,1,1,1,0,0,1,0,0,0,1,0,0,0,1,0,1,0
612,3,0,10,2,1,3,5,5,2,2,4,1,1,1,1,0,0,1,1,1,0,0,0,0,0,0,0,0,0,0,0,0,0
613,17,0,10,1,2,4,5,4,2,3,1,1,0,1,0,0,0,1,1,1,0,0,0,0,0,1,0,0,0,0,1,1,0
614,0,0,17,2,2,4,3,3,1,2,4,0,1,1,0,0,1,1,1,1,0,1,0,0,0,1,0,0,0,0,0,1,0
615,14,0,12,2,2,2,5,5,1,4,5,1,1,1,1,1,1,0,1,0,1,0,0,0,0,1,0,0,0,0,0,1,0
616,4,0,14,1,2,4,4,2,5,5,4,1,0,1,1,1,1,0,1,0,0,1,0,0,0,1,0,0,1,0,0,0,0
617,2,0,11,1,2,4,5,5,1,2,3,1,1,1,1,0,1,1,0,1,0,0,0,0,0,0,0,0,0,1,0,1,0
618,2,0,10,1,4,3,4,1,1,1,2,1,1,1,1,1,1,0,1,1,0,0,1,0,0,0,1,0,0,0,0,0,0
619,6,0,18,1,1,5,5,3,1,1,4,1,1,1,0,1,1,0,0,0,0,0,0,1,0,0,0,1,0,0,0,1,0
620,8,0,10,1,1,5,4,3,2,4,5,0,0,1,1,1,1,0,1,0,0,0,0,1,0,1,0,0,1,0,0,0,1
621,15,0,12,2,2,4,1,1,1,1,5,0,0,1,1,1,0,1,0,1,0,1,0,0,0,0,1,0,1,0,0,1,0
622,4,0,13,1,1,5,5,3,1,1,4,1,1,1,0,1,1,0,0,0,0,0,0,1,0,0,0,1,0,0,0,1,0
623,2,0,9,4,2,4,3,2,4,5,3,1,1,1,1,1,1,0,1,0,0,0,0,0,0,1,0,0,0,0,0,1,0
624,0,0,9,1,3,4,3,3,1,1,3,1,1,1,1,1,1,1,1,1,0,0,0,0,0,0,1,0,1,0,0,1,0
625,0,3,6,1,2,3,3,2,1,1,3,0,1,1,0,1,1,1,1,1,1,0,0,0,0,0,1,0,1,0,0,0,0
626,4,0,12,2,1,5,2,2,1,1,2,0,1,1,0,1,1,1,1,0,0,1,0,0,0,1,0,0,0,0,0,0,0
627,6,0,11,1,2,2,3,4,2,4,1,0,0,0,1,1,1,1,1,1,0,0,0,0,0,0,1,0,0,0,0,0,0
628,14,0,12,1,2,4,2,4,1,1,4,0,1,1,1,1,1,0,0,1,1,0,0,0,0,1,0,0,1,0,0,1,0
629,0,1,9,1,2,3,3,3,4,3,3,0,1,1,0,1,0,1,1,1,0,0,1,0,0,0,1,0,0,0,1,0,0
630,2,0,10,2,2,4,3,3,1,1,1,0,1,1,1,1,1,1,1,1,0,0,0,0,1,0,0,0,0,0,1,1,0
631,7,0,10,1,3,5,4,4,1,3,4,1,1,1,0,1,1,1,1,1,0,0,0,1,0,0,1,0,0,0,0,1,0
632,3,1,9,1,3,1,3,2,1,2,4,0,1,0,0,0,1,1,1,1,0,1,0,0,0,0,1,0,0,0,0,1,0
633,0,0,14,1,3,4,5,2,1,1,3,0,1,1,1,1,1,1,0,0,0,1,0,0,0,1,0,0,1,0,0,0,1
634,0,0,16,1,2,2,3,4,1,1,1,1,1,1,1,0,1,0,1,1,0,0,0,0,0,0,0,0,0,0,0,1,0
635,0,0,12,2,1,4,1,1,2,2,5,0,1,1,0,1,1,0,1,0,0,1,0,0,0,0,0,1,1,0,0,0,0
636,0,0,9,2,1,5,2,2,1,1,4,0,0,0,0,1,0,1,1,0,0,1,0,0,0,0,1,0,0,1,0,1,0
637,4,1,6,1,1,3,2,5,2,5,5,0,0,1,0,1,1,1,1,0,0,0,1,0,0,0,1,0,0,1,0,1,0
638,2,0,6,2,2,4,2,5,1,2,5,1,1,1,0,1,0,1,1,1,0,0,0,0,0,0,1,0,0,0,1,1,0
639,2,0,10,1,3,4,3,2,1,1,5,1,1,1,0,1,0,1,1,1,0,0,1,0,1,0,0,0,0,0,0,1,0
640,0,0,16,1,2,5,4,2,2,3,5,1,1,0,0,1,1,1,1,1,0,0,1,0,0,0,1,0,0,0,1,0,0
641,8,0,7,4,2,5,4,5,2,4,4,1,1,0,1,0,0,1,1,0,0,1,0,0,0,1,0,0,0,0,0,1,0
642,0,0,10,2,2,5,4,3,1,2,4,0,1,1,0,0,0,0,1,1,0,0,0,0,0,0,1,0,0,0,1,0,0
643,10,0,15,1,2,5,4,2,1,2,5,1,1,1,0,1,1,0,1,0,0,0,1,0,0,1,0,0,0,0,1,1,0
644,4,0,12,1,2,4,4,5,5,5,5,1,1,1,1,1,1,1,1,0,0,0,0,1,0,0,0,1,1,0,0,1,0
645,1,0,13,1,1,4,2,3,1,2,5,0,1,1,1,0,0,1,1,1,0,1,0,0,0,1,0,0,0,1,0,1,0
646,0,0,10,2,1,4,2,3,1,2,1,1,1,1,0,1,1,0,1,0,0,0,0,1,0,0,1,0,0,0,0,1,0
647,2,0,16,1,2,4,3,5,1,5,2,1,1,1,0,1,1,1,1,1,1,0,0,0,0,1,0,0,1,0,0,1,0
648,5,0,14,1,3,4,3,4,1,2,2,0,1,1,1,1,1,1,1,1,0,0,0,0,0,1,0,0,0,0,1,0,0
649,4,0,14,1,3,5,4,5,1,1,4,1,1,1,1,1,1,0,1,1,1,0,0,0,1,0,0,0,0,1,0,1,0
650,4,0,14,1,2,1,3,2,1,1,1,1,1,1,1,1,1,1,1,1,0,0,0,1,0,1,0,0,0,1,0,1,0
651,0,1,8,2,1,5,5,5,1,1,3,0,1,1,1,0,0,1,1,1,0,1,0,0,0,1,0,0,0,1,0,1,0
652,2,0,16,3,2,5,4,3,1,2,1,1,1,1,0,1,1,0,1,1,0,0,0,1,0,0,1,0,0,0,0,1,0
653,8,1,11,2,2,3,3,4,2,4,3,1,1,1,1,0,1,1,1,1,0,0,0,0,0,0,1,0,0,1,0,1,0
654,0,0,10,1,2,5,3,4,1,1,5,0,1,0,1,0,1,1,1,1,0,0,1,0,0,0,1,0,0,0,0,0,0
655,14,3,9,1,1,2,2,2,3,3,5,0,1,0,0,1,0,0,1,0,0,1,0,0,0,1,0,0,0,0,1,1,0
656,2,0,13,2,2,4,4,3,1,1,3,0,0,0,0,1,1,0,1,1,0,1,0,0,0,1,0,0,1,0,0,1,0
657,0,0,8,2,1,3,5,1,1,1,5,1,1,0,0,1,1,1,1,1,0,1,0,0,0,1,0,0,0,1,0,0,0
658,0,0,14,1,3,4,5,2,1,1,3,0,1,1,1,1,1,1,0,0,0,1,0,0,0,1,0,0,1,0,0,0,1
659,6,0,14,1,1,4,5,5,1,3,1,1,1,1,0,1,1,1,1,1,0,0,1,0,0,1,0,0,0,0,1,1,0
660,6,0,9,1,2,4,3,3,2,3,5,1,1,1,0,1,1,1,1,0,0,0,0,1,0,1,0,0,1,0,0,1,0
661,0,1,8,2,1,4,4,3,3,4,4,1,1,1,0,0,0,1,1,0,0,1,0,0,0,1,0,0,1,0,0,1,0
662,0,0,12,2,2,3,3,3,2,3,4,0,1,1,0,1,0,0,0,0,0,0,0,1,0,1,0,0,0,0,0,1,0
663,8,0,12,2,2,4,3,4,2,2,4,1,1,1,0,1,0,1,1,1,0,0,0,1,0,1,0,0,0,0,1,1,0
664,2,0,15,1,2,3,5,2,2,2,1,1,0,0,1,1,0,1,1,0,0,0,0,0,0,0,0,0,1,0,0,1,0
665,10,0,10,1,1,4,3,3,3,4,3,1,1,1,1,1,0,1,1,0,0,0,0,1,0,0,1,0,0,1,0,1,0
666,0,0,15,1,3,5,3,3,1,3,5,1,1,1,0,1,1,1,1,0,0,0,1,0,0,0,1,0,0,0,0,1,0
667,12,0,8,1,1,5,2,1,1,2,3,0,1,0,0,1,0,0,1,1,0,0,1,0,0,1,0,0,0,1,0,1,0
668,10,0,11,1,2,1,3,2,1,1,1,1,1,1,1,1,1,1,1,1,0,0,0,1,0,1,0,0,0,1,0,1,0
669,14,1,10,2,2,4,3,3,2,2,5,1,1,1,0,1,1,0,1,1,0,1,0,0,0,0,0,0,0,0,0,0,0
670,2,0,10,4,2,4,2,5,1,1,2,1,1,0,1,1,1,1,1,1,0,0,0,0,0,1,0,0,0,0,0,1,0
671,0,0,12,1,2,4,3,3,2,2,2,1,1,1,0,1,1,1,1,0,0,0,0,1,0,0,1,0,1,0,0,0,0
672,2,0,17,1,4,4,2,2,1,1,2,1,1,1,0,1,1,1,1,0,1,0,0,0,0,0,1,0,0,0,1,1,0
673,0,0,14,4,2,5,1,3,1,1,3,0,1,0,0,1,0,1,1,1,0,0,0,0,0,1,0,0,0,0,0,1,0
674,0,0,12,2,2,4,1,2,2,2,5,0,0,1,1,0,1,0,0,0,0,1,0,0,0,0,1,0,0,0,0,0,0
675,5,0,9,1,1,5,1,3,1,2,5,0,1,1,0,0,0,1,1,1,0,0,0,0,0,1,0,0,0,1,0,1,0
676,8,0,15,2,2,2,5,5,1,4,5,1,1,1,1,1,1,0,1,0,1,0,0,0,0,1,0,0,0,0,0,1,0
677,4,0,13,1,3,5,3,3,1,1,5,1,1,1,0,1,1,1,1,0,0,0,1,0,0,1,0,0,1,0,0,0,0
678,8,0,11,3,1,3,2,2,1,2,5,0,1,1,0,1,1,0,0,1,0,1,0,0,0,1,0,0,0,0,0,1,0
679,20,0,13,1,1,4,5,2,1,1,5,0,1,1,1,1,1,1,1,1,0,1,0,0,0,1,0,0,1,0,0,1,0
680,12,3,7,1,1,5,4,5,5,5,1,0,0,1,1,1,1,1,1,0,0,0,1,0,0,0,1,0,0,1,0,1,0
681,0,0,13,3,2,4,3,4,1,4,5,0,1,0,1,0,0,0,0,1,0,0,0,0,0,1,0,0,0,0,0,1,0
682,0,0,13,1,1,5,5,5,3,2,5,0,1,1,0,1,1,1,1,0,0,0,1,0,0,0,1,0,1,0,0,0,0
683,0,0,14,1,2,4,3,3,1,1,5,1,1,1,0,1,1,1,1,0,0,0,1,0,0,0,0,1,0,0,0,0,0
684,0,0,10,3,2,5,4,5,2,4,5,0,1,0,0,1,0,1,1,0,0,0,0,0,0,1,0,0,0,0,0,1,0
685,4,0,12,2,1,3,3,3,1,4,3,0,1,0,0,1,1,1,1,1,0,0,0,0,0,1,0,0,1,0,0,0,0
686,0,0,14,1,2,4,4,4,1,3,1,0,0,0,0,1,1,1,1,1,0,1,0,0,0,1,0,0,0,0,0,1,0
687,8,0,14,2,3,5,4,2,1,1,4,1,1,1,0,1,0,0,1,0,0,0,1,0,0,1,0,0,0,0,1,1,0
688,2,0,10,1,2,3,4,4,1,2,5,0,0,0,1,1,1,1,1,1,0,1,0,0,0,0,0,1,1,0,0,1,0
689,0,0,13,1,1,4,2,1,1,1,4,0,1,0,1,1,1,1,1,1,0,1,0,0,0,0,0,1,0,0,0,1,0
690,4,1,11,3,2,4,4,5,4,4,5,1,0,1,0,1,1,0,1,0,0,0,1,0,0,1,0,0,0,0,0,1,0
691,21,0,17,1,2,3,1,2,1,3,2,0,1,1,1,1,1,1,1,1,0,0,1,0,0,1,0,0,1,0,0,0,0
692,2,0,13,3,2,2,1,1,1,1,3,1,1,0,0,1,0,1,1,1,0,0,0,0,0,0,1,0,0,0,0,1,0
693,4,0,10,2,2,4,4,5,1,1,4,1,1,1,0,1,1,0,1,1,0,1,0,0,0,1,0,0,0,0,1,1,0
694,4,0,13,2,3,3,2,3,2,2,1,0,0,1,1,1,1,1,1,0,0,1,0,0,0,1,0,0,0,0,0,1,0
695,4,0,10,1,2,5,4,5,1,3,5,1,1,1,1,1,1,1,1,0,1,0,0,0,0,1,0,0,0,0,1,0,0
696,4,1,10,2,2,4,5,5,1,3,2,1,0,1,1,0,0,1,1,0,0,0,1,0,0,1,0,0,1,0,0,1,0
697,10,0,18,1,1,3,5,2,1,1,3,0,1,1,0,1,1,0,1,0,0,0,0,1,0,1,0,0,0,0,0,1,0
698,4,0,14,1,1,4,4,3,1,3,5,0,1,1,0,1,1,1,1,0,1,0,0,0,0,1,0,0,1,0,0,1,0
699,0,1,10,1,3,1,3,2,1,2,4,0,1,0,0,0,1,1,1,1,0,1,0,0,0,0,1,0,0,0,0,1,0
700,0,0,14,1,3,3,2,2,1,1,5,1,1,1,1,1,1,1,1,1,1,0,0,0,0,0,1,0,1,0,0,1,0
701,8,1,11,1,1,3,1,2,1,1,1,0,0,1,0,1,1,0,0,1,0,1,0,0,0,1,0,0,1,0,0,1,0
702,8,0,9,2,1,2,5,5,5,5,5,0,0,1,0,0,0,1,1,0,0,1,0,0,0,1,0,0,0,0,0,1,0
703,0,0,7,1,2,4,4,4,1,1,1,1,1,0,0,1,0,1,1,0,0,0,0,0,0,0,1,0,0,0,0,1,0
704,4,0,11,1,2,4,3,3,2,4,5,1,1,1,0,1,1,1,1,1,0,1,0,0,0,0,1,0,1,0,0,1,0
705,0,0,11,1,3,3,3,2,2,2,3,1,1,1,0,1,0,0,1,1,0,0,1,0,0,0,1,0,0,0,0,1,0
706,6,0,9,2,4,2,2,2,1,1,3,0,1,1,0,1,1,1,1,0,0,0,0,1,0,0,1,0,0,0,0,0,0
707,6,1,10,1,1,4,1,3,1,1,2,0,1,0,1,0,0,1,1,1,0,0,0,0,0,0,1,0,0,1,0,1,0
708,9,0,7,1,1,4,3,2,1,2,5,1,1,0,0,0,1,1,1,1,0,1,0,0,0,0,0,0,0,0,0,1,0
709,4,0,10,2,4,1,2,1,1,1,1,1,0,0,1,0,1,0,0,1,0,0,0,0,0,1,0,0,0,0,1,1,0
710,0,0,8,3,1,4,3,3,1,2,4,1,0,1,1,1,1,1,1,1,0,0,0,0,0,1,0,0,0,0,0,1,0
711,4,0,14,1,1,4,4,4,1,2,2,0,1,1,0,1,1,1,1,1,1,0,0,0,0,1,0,0,1,0,0,1,0
712,8,0,14,1,1,4,3,1,1,1,2,1,1,0,0,1,0,1,1,1,0,0,0,0,0,1,0,0,0,0,1,1,0
713,4,0,8,1,2,3,1,3,1,5,3,0,1,0,0,1,0,1,1,0,0,0,0,0,0,1,0,0,1,0,0,1,0
714,18,1,10,2,2,4,3,3,1,1,3,0,1,1,0,1,1,0,0,1,0,0,1,0,0,1,0,0,0,0,0,1,0
715,6,0,14,1,4,4,2,3,1,1,4,1,1,1,0,1,1,0,1,1,0,0,0,1,0,0,1,0,0,0,1,1,0
716,0,0,11,2,2,4,1,3,1,3,4,0,1,1,0,1,0,0,1,1,1,0,0,0,0,0,1,0,0,0,1,1,0
717,4,0,15,2,3,4,3,3,1,2,4,0,0,1,1,1,1,1,1,1,0,0,0,1,0,0,0,1,0,0,0,1,0
718,8,1,8,1,2,5,4,4,3,4,5,1,0,1,1,0,1,1,1,0,0,0,1,0,0,1,0,0,0,1,0,1,0
719,4,0,14,1,3,5,4,3,2,3,1,0,1,1,1,1,1,1,1,1,0,1,0,0,0,0,1,0,0,1,0,1,0
720,0,0,7,1,2,4,3,4,1,1,1,0,1,1,0,0,1,0,1,1,0,0,0,1,0,0,1,0,0,0,0,1,0
721,0,0,13,1,2,5,3,2,1,1,2,1,0,1,0,1,1,0,1,0,0,1,0,0,0,1,0,0,0,0,0,1,0
722,10,0,16,1,2,5,3,4,1,3,3,1,0,1,0,1,1,1,1,1,0,1,0,0,0,1,0,0,0,0,0,1,0
723,10,0,12,1,2,4,4,4,2,4,5,1,1,1,0,1,1,1,1,0,0,0,1,0,0,1,0,0,1,0,0,1,0
724,2,0,14,1,3,4,4,3,2,2,5,0,1,0,0,0,0,0,1,1,0,1,0,0,0,1,0,0,0,1,0,0,0
725,0,0,7,2,4,2,2,2,1,1,3,0,1,1,0,1,1,1,1,0,0,0,0,1,0,0,1,0,0,0,0,0,0
726,0,0,15,2,2,5,3,2,1,1,1,1,1,0,0,0,0,1,1,1,0,1,0,0,0,1,0,0,0,0,1,1,0
727,0,0,10,1,2,5,3,2,1,1,1,1,1,1,1,1,1,0,0,1,0,1,0,0,0,1,0,0,1,0,0,1,0
728,5,0,14,2,3,4,2,1,1,1,4,0,1,1,1,0,0,1,1,1,0,0,1,0,0,1,0,0,1,0,0,1,0
729,4,0,14,1,4,5,3,3,1,1,1,0,1,1,0,1,1,0,1,1,0,0,1,0,0,0,1,0,1,0,0,1,0
730,0,3,7,2,2,3,4,3,1,1,1,0,1,0,0,0,0,1,1,1,0,0,0,0,0,1,0,0,0,0,0,0,0
731,6,0,10,2,1,2,4,5,3,4,2,0,0,1,0,0,1,0,1,0,0,0,1,0,0,0,1,0,0,0,0,1,0
732,16,0,8,1,2,5,5,4,3,5,2,0,1,1,0,1,1,1,1,0,0,1,0,0,0,0,1,0,0,0,1,0,0
733,6,0,18,3,1,4,3,3,1,1,4,0,1,1,0,1,1,1,1,0,0,1,0,0,0,1,0,0,0,0,0,1,0
734,2,1,12,2,2,4,4,4,2,3,5,1,0,0,0,0,0,1,1,1,0,0,0,0,0,1,0,0,0,0,0,1,0
735,2,0,12,1,1,5,3,2,2,2,5,1,1,0,0,1,1,1,1,0,0,1,0,0,0,1,0,0,0,0,1,1,0
736,6,0,8,1,2,3,3,3,1,3,3,0,0,1,1,1,1,1,0,1,1,0,0,0,0,1,0,0,0,0,1,1,0
737,0,0,11,2,3,4,4,2,1,1,4,1,1,1,1,1,0,1,1,1,0,0,0,1,0,1,0,0,0,0,1,1,0
738,6,0,10,1,1,4,2,1,1,2,5,1,0,1,0,1,1,1,1,0,0,0,0,1,0,0,0,1,0,0,0,1,0
739,0,0,12,2,3,5,3,2,1,1,4,1,1,0,0,0,1,1,1,1,0,1,0,0,0,0,1,0,0,0,0,1,0
740,4,0,15,2,3,4,3,3,1,3,5,1,1,1,0,1,0,0,1,1,0,0,0,0,0,1,0,0,0,0,0,1,0
741,7,0,7,1,2,5,3,4,1,2,2,1,1,1,0,0,0,0,1,0,1,0,0,0,0,0,1,0,0,0,1,0,0
742,12,1,8,2,1,4,4,3,2,4,4,0,1,1,1,0,0,1,1,0,0,1,0,0,0,1,0,0,0,0,0,0,1
743,2,1,7,1,2,4,4,4,1,1,3,1,0,1,0,1,1,1,1,1,0,0,1,0,0,0,0,1,0,1,0,0,0
744,2,0,14,1,1,4,3,3,1,3,5,1,1,1,0,1,1,0,1,0,1,0,0,0,0,0,1,0,0,0,0,0,0
745,0,3,5,1,1,4,5,4,1,1,4,0,1,1,1,1,1,1,1,0,0,0,1,0,0,0,0,0,1,0,0,1,0
746,0,1,9,2,1,4,4,4,1,2,5,1,1,1,0,1,1,0,1,0,1,0,0,0,0,1,0,0,0,0,0,1,0
747,0,0,15,2,3,4,2,2,2,2,5,0,1,1,1,0,1,0,1,0,0,0,0,1,0,0,1,0,0,1,0,1,0
748,0,0,11,3,1,4,4,1,3,4,5,0,0,1,0,0,0,0,1,0,0,0,1,0,0,1,0,0,0,0,0,1,0
749,6,0,9,2,1,3,3,3,1,1,4,1,0,1,0,1,0,1,1,0,0,0,1,0,0,1,0,0,0,0,1,1,0
750,2,1,13,2,2,4,4,3,2,3,5,1,0,0,0,0,0,0,1,0,0,0,0,0,0,1,0,0,0,1,0,1,0
751,2,0,13,2,2,4,5,4,2,3,3,0,1,1,0,0,1,1,1,0,1,0,0,0,0,1,0,0,0,0,0,1,0
752,4,0,10,1,2,5,4,5,1,2,5,0,0,1,0,1,1,1,1,1,0,1,0,0,0,1,0,0,0,0,0,1,0
753,4,0,13,2,4,3,1,2,1,1,1,1,1,1,0,1,0,1,1,1,0,0,0,0,0,1,0,0,1,0,0,1,0
754,6,0,15,1,1,5,4,2,1,2,5,0,0,1,0,1,1,1,1,0,0,1,0,0,0,1,0,0,0,0,1,1,0
755,2,0,13,1,2,3,3,4,2,4,5,0,0,1,1,1,0,1,1,1,0,1,0,0,0,1,0,0,0,0,1,1,0
756,30,0,8,2,1,4,5,4,2,4,5,1,1,1,1,1,1,0,0,0,0,0,1,0,0,1,0,0,1,0,0,1,0
757,2,0,11,2,2,4,4,3,1,1,2,1,1,0,0,1,1,1,1,0,0,1,0,0,0,0,0,1,0,0,1,0,0
758,10,0,10,1,4,4,3,3,1,1,4,0,1,0,0,1,1,1,0,1,0,1,0,0,1,0,0,0,0,0,1,0,0
759,0,0,17,1,1,5,5,3,1,1,5,1,1,0,0,1,1,1,0,0,0,0,1,0,0,1,0,0,0,0,0,0,1
760,0,0,12,2,2,5,4,3,1,2,3,0,1,1,0,1,1,1,1,0,0,0,0,1,0,1,0,0,0,0,0,1,0
761,2,3,8,1,1,5,5,5,2,4,5,1,1,1,0,1,1,1,1,0,0,0,1,0,0,0,1,0,0,0,0,1,0
762,2,3,7,1,2,3,4,2,1,1,5,0,0,0,0,1,1,1,1,1,0,0,0,0,0,1,0,0,0,0,0,0,1
763,0,0,13,1,1,5,3,2,2,2,5,1,1,0,0,1,1,1,1,0,0,1,0,0,0,1,0,0,0,0,1,1,0
764,6,0,17,1,1,4,4,4,1,2,2,0,1,1,0,1,1,1,1,1,1,0,0,0,0,1,0,0,1,0,0,1,0
765,4,0,17,1,1,5,2,3,1,2,5,0,1,1,0,1,1,1,1,0,0,0,1,0,0,0,0,1,1,0,0,1,0
766,1,0,12,1,3,3,4,3,2,3,5,0,0,1,0,1,1,1,1,1,0,0,1,0,0,0,1,0,0,0,0,0,0
767,4,1,10,1,2,4,5,5,4,4,5,0,1,1,1,1,1,1,1,0,0,1,0,0,0,0,1,0,0,0,0,0,0
768,8,0,11,4,1,4,4,5,5,5,4,0,1,1,0,1,0,1,1,0,0,0,1,0,0,1,0,0,0,0,0,1,0
769,0,0,14,3,1,4,3,2,1,1,4,1,1,0,1,0,0,0,1,1,0,1,0,0,0,1,0,0,1,0,0,0,0
770,8,0,9,1,2,5,4,2,1,1,5,1,1,1,1,1,0,1,1,0,1,0,0,0,0,0,1,0,0,0,1,1,0
771,2,0,14,1,2,4,3,5,1,5,2,1,1,1,0,1,1,1,1,1,1,0,0,0,0,1,0,0,1,0,0,1,0
772,16,0,16,1,3,4,4,5,1,3,5,0,1,1,0,1,1,1,1,1,0,0,1,0,0,1,0,0,0,0,0,1,0
773,2,0,15,1,2,5,4,4,1,2,5,1,1,1,0,1,1,1,1,0,0,0,0,1,0,0,0,1,0,0,0,0,0
774,0,0,8,1,1,5,4,1,1,1,1,0,1,1,0,1,1,1,1,0,0,0,1,0,0,0,1,0,0,0,0,0,0
775,4,0,12,3,1,4,2,2,1,2,3,0,0,0,0,1,0,1,1,0,0,0,0,0,0,1,0,0,0,0,0,1,0
776,4,0,10,1,1,3,4,4,3,3,1,0,1,1,0,1,1,0,1,1,0,0,0,0,0,0,0,0,0,0,0,1,0
777,0,0,11,2,2,4,2,5,1,2,5,1,1,1,0,1,0,1,1,1,0,0,0,0,0,0,1,0,0,0,1,1,0
778,14,0,15,1,2,5,2,2,1,2,5,0,1,1,1,1,1,1,0,1,0,0,1,0,0,0,1,0,0,0,0,1,0
779,2,0,14,1,2,4,2,4,2,4,1,1,1,1,0,1,1,1,1,0,1,0,0,0,0,1,0,0,0,0,1,0,0
780,0,0,13,1,2,4,5,5,1,3,2,1,1,1,1,1,1,1,1,0,0,0,0,1,0,0,0,1,0,0,1,1,0
781,0,0,10,2,2,4,4,4,4,4,4,1,1,1,0,1,1,0,1,0,0,0,0,1,0,1,0,0,0,0,0,1,0
782,18,0,10,1,2,3,3,1,1,2,4,0,1,1,1,1,1,1,0,1,0,0,0,0,0,0,0,0,1,0,0,0,0
783,14,1,8,1,3,4,4,3,3,4,5,0,1,1,1,1,1,1,1,1,0,0,0,0,0,0,1,0,1,0,0,1,0
784,4,0,11,2,1,3,5,1,1,1,5,1,1,0,0,1,1,1,1,1,0,1,0,0,0,1,0,0,0,1,0,0,0
785,15,0,13,1,2,5,3,5,4,5,3,0,1,1,1,1,1,0,1,0,0,0,1,0,0,1,0,0,1,0,0,1,0
786,0,1,7,1,1,1,2,1,2,3,5,1,1,0,1,0,1,1,1,0,0,1,0,0,0,1,0,0,0,0,0,1,0
787,0,0,12,2,2,3,3,3,5,5,4,0,1,1,0,1,1,1,1,0,0,1,0,0,0,1,0,0,1,0,0,1,0
788,0,3,5,1,1,5,4,5,1,2,5,0,1,1,0,1,1,1,1,0,0,1,0,0,0,1,0,0,1,0,0,1,0
789,2,3,9,3,1,3,3,3,1,3,5,1,1,1,1,0,0,1,1,0,1,0,0,0,0,1,0,0,0,0,0,0,0
790,0,0,6,2,1,1,3,4,1,1,1,0,1,0,0,0,0,0,1,1,0,0,0,0,0,1,0,0,1,0,0,1,0
791,0,0,13,1,3,5,4,4,1,3,4,1,1,1,0,1,1,1,1,1,0,0,0,1,0,0,1,0,0,0,0,1,0
792,6,2,7,2,2,4,4,4,2,3,5,0,1,1,1,1,1,1,1,1,0,0,1,0,0,0,1,0,0,0,1,0,0
793,0,0,11,1,1,4,1,2,2,5,5,0,1,1,0,0,1,0,1,0,0,0,0,1,1,0,0,0,0,1,0,0,0
794,0,0,11,1,4,5,2,3,1,3,3,0,1,1,1,1,1,1,1,1,0,1,0,0,0,1,0,0,0,0,1,1,0
795,4,0,15,2,2,5,3,3,1,3,4,1,1,1,0,1,1,0,1,0,0,0,1,0,0,0,1,0,1,0,0,1,0
796,2,0,15,1,2,4,2,3,1,1,5,0,1,1,0,1,1,1,1,1,0,0,1,0,0,1,0,0,0,0,0,1,0
797,0,0,11,2,2,4,3,5,1,2,4,0,1,1,0,0,0,1,1,1,0,0,0,0,0,1,0,0,0,0,0,1,0
798,0,0,18,1,4,5,2,2,1,2,5,1,0,1,0,1,1,1,1,1,1,0,0,0,1,0,0,0,0,0,1,0,0
799,1,0,13,1,4,5,2,3,1,3,3,0,1,1,1,1,1,1,1,1,0,1,0,0,0,1,0,0,0,0,1,1,0
800,7,0,13,1,3,5,4,3,2,3,1,0,1,1,1,1,1,1,1,1,0,1,0,0,0,0,1,0,0,1,0,1,0
801,0,0,11,2,1,4,4,3,1,1,4,0,1,1,0,0,1,1,1,1,0,0,1,0,0,0,1,0,0,0,0,1,0
802,0,0,10,2,1,4,4,3,1,1,5,0,1,1,0,0,0,1,1,1,0,0,0,0,0,1,0,0,0,0,0,1,0
803,2,2,6,2,2,4,3,3,1,1,5,0,1,0,0,0,1,1,0,1,0,0,0,0,0,1,0,0,0,0,0,1,0
804,0,1,9,1,2,4,2,4,2,2,3,1,0,0,1,1,1,0,1,1,0,0,1,0,0,0,1,0,1,0,0,0,1
805,0,0,12,2,1,3,2,3,1,2,2,1,1,0,0,0,0,1,1,1,0,1,0,0,0,1,0,0,0,1,0,1,0
806,4,0,14,1,1,5,3,2,1,2,5,1,1,1,0,1,1,1,1,0,0,0,1,0,0,0,1,0,0,0,0,1,0
807,2,0,12,3,2,4,3,3,2,3,4,0,1,1,0,1,1,0,1,1,0,0,1,0,0,0,1,0,0,0,0,1,0
808,0,0,16,1,3,4,4,3,1,1,4,1,1,1,1,1,1,1,1,0,0,0,1,0,0,0,0,1,0,1,0,0,0
809,3,0,17,1,1,5,4,5,1,1,5,1,1,1,0,0,1,0,1,0,0,0,1,0,0,1,0,0,0,0,1,1,0
810,5,1,8,2,1,5,3,1,1,1,5,0,1,1,1,1,1,1,1,1,0,1,0,0,0,1,0,0,0,0,1,1,0
811,0,0,14,1,2,4,3,2,1,1,5,1,1,1,1,1,1,0,1,1,0,0,1,0,0,0,1,0,0,0,0,0,0
812,9,0,15,1,2,5,4,3,1,1,2,1,1,1,0,1,1,0,0,0,0,0,0,1,0,0,0,1,0,0,1,1,0
813,0,0,14,2,2,4,4,5,1,1,4,1,1,1,0,1,1,0,1,1,0,1,0,0,0,1,0,0,0,0,1,1,0
814,0,0,15,1,2,4,2,2,1,1,1,0,1,1,0,1,1,0,0,0,0,0,1,0,0,1,0,0,1,0,0,1,0
815,4,0,15,1,2,2,3,4,1,1,1,1,1,1,1,0,1,0,1,1,0,0,0,0,0,0,0,0,0,0,0,1,0
816,2,0,10,2,2,3,3,3,2,3,4,0,1,1,0,1,0,0,0,0,0,0,0,1,0,1,0,0,0,0,0,1,0
817,8,0,10,2,2,1,2,3,1,2,2,1,1,1,1,1,0,1,1,1,0,1,0,0,0,1,0,0,0,0,0,0,1
818,0,0,7,1,1,3,3,2,2,1,5,0,1,1,1,1,1,1,1,0,0,0,0,1,0,0,0,1,0,0,0,1,0
819,4,1,10,1,3,5,4,2,1,2,5,1,0,1,0,0,0,1,1,1,0,0,1,0,0,1,0,0,0,0,0,1,0
820,0,0,13,1,2,4,4,1,1,1,1,0,1,1,0,1,1,1,1,0,0,0,0,1,0,1,0,0,0,0,1,1,0
821,4,0,10,1,4,5,1,2,1,1,3,0,1,1,0,1,1,1,1,1,0,1,0,0,0,1,0,0,0,0,0,1,0
822,10,0,11,1,3,4,3,2,1,2,4,1,1,1,1,1,1,0,1,1,0,0,0,0,0,0,0,0,0,0,0,1,0
823,0,0,11,1,1,4,2,1,1,1,4,0,1,0,1,1,1,1,1,1,0,1,0,0,0,0,0,1,0,0,0,1,0
824,0,0,13,1,2,4,3,1,1,1,3,1,1,0,1,0,1,1,1,0,0,1,0,0,0,0,0,1,0,0,0,0,0
825,6,0,10,4,1,5,5,5,5,5,5,1,0,1,1,1,1,1,1,1,0,0,1,0,0,0,1,0,0,0,0,0,0
826,14,0,10,4,2,4,3,2,4,5,3,1,1,1,1,1,1,0,1,0,0,0,0,0,0,1,0,0,0,0,0,1,0
827,6,0,10,1,1,1,2,2,1,3,5,0,0,1,0,1,1,1,1,1,0,0,1,0,0,0,1,0,1,0,0,1,0
828,13,0,17,2,2,4,2,5,3,4,1,1,1,1,0,1,0,0,0,0,0,1,0,0,0,1,0,0,0,0,1,1,0
829,0,0,17,2,2,4,3,3,2,3,5,0,0,1,0,0,0,1,1,1,0,1,0,0,0,1,0,0,0,0,0,1,0
830,20,0,14,3,2,3,4,1,1,1,2,0,1,1,1,1,1,1,1,1,0,0,0,0,0,1,0,0,0,1,0,0,1
831,4,0,9,3,2,4,4,5,1,1,4,0,1,1,0,0,0,1,1,1,0,1,0,0,0,1,0,0,0,0,0,1,0
832,2,1,11,1,2,3,3,2,1,1,3,0,1,1,0,1,1,1,1,1,1,0,0,0,0,0,1,0,1,0,0,0,0
833,1,0,13,3,1,4,3,3,1,2,4,0,1,0,0,0,1,1,1,0,1,0,0,0,0,1,0,0,0,0,1,1,0
834,0,0,11,2,1,4,4,5,1,2,5,1,0,1,1,0,0,1,1,1,0,0,0,0,0,1,0,0,0,0,1,1,0
835,6,3,9,3,1,5,2,5,1,5,4,1,0,0,0,1,0,1,1,1,0,0,0,0,0,1,0,0,0,0,0,1,0
836,0,0,12,2,2,3,2,2,1,2,3,0,0,0,0,0,0,1,1,1,0,1,0,0,0,0,1,0,0,0,0,0,0
837,8,0,14,1,1,4,3,1,1,1,2,1,1,0,0,1,0,1,1,1,0,0,0,0,0,1,0,0,0,0,1,1,0
838,0,0,12,2,2,4,4,4,1,1,5,1,1,1,0,0,0,1,1,1,0,1,0,0,0,1,0,0,0,0,0,1,0
839,22,0,9,1,1,5,4,5,1,2,5,0,1,1,0,1,1,1,1,0,0,1,0,0,0,1,0,0,1,0,0,1,0
840,0,0,10,3,3,5,2,2,1,1,4,1,1,1,0,1,1,1,1,1,0,0,1,0,0,1,0,0,0,0,1,0,0
841,20,1,15,1,2,4,4,4,1,1,3,1,1,1,1,1,1,1,1,0,0,1,0,0,0,1,0,0,1,0,0,0,1
842,0,2,9,1,3,3,3,2,1,1,5,1,1,1,0,1,1,0,1,1,0,1,0,0,0,1,0,0,0,0,1,0,1
843,10,0,8,1,2,4,5,4,2,3,1,1,0,1,0,0,0,1,1,1,0,0,0,0,0,1,0,0,0,0,1,1,0
844,0,0,15,2,2,1,2,3,1,2,5,0,1,0,1,0,1,0,0,1,0,0,1,0,0,1,0,0,0,0,1,1,0
845,6,0,14,2,1,5,4,2,1,1,5,1,1,1,0,1,1,1,1,0,0,1,0,0,0,0,1,0,1,0,0,0,0
846,0,0,13,1,2,2,3,1,1,1,3,0,1,1,0,1,1,1,1,1,0,0,1,0,0,0,0,1,0,1,0,1,0
847,6,2,5,2,2,4,4,4,1,4,3,0,1,1,1,1,0,1,1,0,0,1,0,0,0,1,0,0,0,0,0,1,0
848,0,0,11,1,3,4,3,4,2,5,5,1,0,1,0,1,0,1,1,1,0,0,0,0,0,0,1,0,0,0,0,0,0
849,0,0,17,1,2,5,4,3,1,1,2,1,1,1,0,1,1,0,0,0,0,0,0,1,0,0,0,1,0,0,1,1,0
850,14,1,6,2,1,5,4,3,4,3,3,0,1,0,0,0,0,1,1,0,0,1,0,0,0,1,0,0,1,0,0,0,0
851,6,2,7,2,3,3,3,2,1,1,2,0,0,0,1,0,0,0,0,1,0,1,0,0,0,1,0,0,0,0,0,0,1
852,0,0,8,2,2,3,3,4,2,4,3,0,1,0,0,0,0,1,1,0,0,0,0,0,0,1,0,0,0,0,0,1,0
853,14,0,11,1,2,4,5,5,1,3,2,1,1,1,1,1,1,1,1,0,0,0,0,1,0,0,0,1,0,0,1,1,0
854,12,1,12,1,2,5,4,3,1,1,5,0,1,1,1,1,1,0,1,1,0,0,1,0,0,0,0,0,0,0,1,1,0
855,4,0,10,2,1,3,3,2,1,2,3,0,0,1,1,0,1,0,1,0,0,1,0,0,0,0,1,0,1,0,0,0,0
856,6,0,13,2,2,4,3,2,1,3,3,0,1,1,1,0,1,1,1,1,0,0,1,0,0,0,1,0,0,1,0,1,0
857,0,0,14,1,2,5,3,3,1,2,5,1,1,1,1,1,1,1,0,1,0,1,0,0,0,1,0,0,1,0,0,1,0
858,0,0,12,1,2,5,3,4,1,2,2,1,1,1,0,0,0,0,1,0,1,0,0,0,0,0,1,0,0,0,1,0,0
859,4,0,8,3,2,5,3,2,1,1,4,1,1,0,0,1,1,1,1,1,0,1,0,0,0,1,0,0,0,0,1,1,0
860,12,0,11,1,2,4,3,1,1,1,1,0,1,1,0,1,1,0,0,0,0,0,1,0,0,0,0,0,0,0,1,1,0
861,2,0,16,1,2,2,3,1,1,1,3,0,1,1,0,1,1,1,1,1,0,0,1,0,0,0,0,1,0,1,0,1,0
862,0,0,8,1,2,5,4,4,1,1,5,0,1,1,1,1,1,1,1,1,0,1,0,0,0,1,0,0,1,0,0,1,0
863,4,0,12,1,2,4,3,5,2,4,4,1,1,1,0,1,1,1,1,1,0,0,1,0,0,1,0,0,0,0,1,1,0
864,0,0,10,1,2,4,3,3,1,1,2,1,0,1,1,1,1,0,1,1,0,1,0,0,0,1,0,0,1,0,0,0,1
865,8,0,7,1,1,4,1,4,5,5,3,1,1,1,0,0,1,1,1,0,0,0,1,0,0,0,1,0,1,0,0,1,0
866,12,1,6,1,1,5,3,5,5,5,1,1,1,1,1,0,1,1,1,0,0,1,0,0,0,1,0,0,0,0,0,0,0
867,0,0,11,1,4,1,3,3,5,5,3,1,0,1,1,1,1,1,0,0,0,1,0,0,0,0,1,0,0,0,1,1,0
868,14,0,12,1,2,2,4,3,1,2,3,0,1,1,0,1,1,1,1,1,0,0,0,0,0,1,0,0,0,0,0,1,0
869,8,0,10,2,2,4,3,4,2,2,4,1,1,1,0,1,0,1,1,1,0,0,0,1,0,1,0,0,0,0,1,1,0
870,4,0,11,1,3,4,4,3,2,3,3,0,0,0,0,1,1,0,1,1,0,1,0,0,0,0,0,0,1,0,0,1,0
871,0,0,16,1,2,5,4,4,1,1,1,1,1,1,0,1,1,1,0,0,0,0,1,0,0,1,0,0,0,0,0,1,0
872,4,0,9,2,1,4,3,2,1,1,5,1,0,1,1,1,1,1,0,1,0,1,0,0,0,1,0,0,0,0,0,0,1
873,0,0,13,1,1,5,3,4,4,4,1,0,1,1,0,1,1,0,0,1,0,1,0,0,0,1,0,0,0,1,0,1,0
874,0,0,11,1,2,4,4,4,1,3,5,1,1,1,0,1,1,0,1,0,0,0,0,1,0,1,0,0,0,0,1,1,0
875,0,0,12,1,2,5,5,1,1,1,5,1,1,1,0,1,1,1,1,0,0,1,0,0,0,1,0,0,1,0,0,1,0
876,0,0,8,1,2,5,3,3,1,1,3,1,1,1,0,1,1,1,1,1,0,0,0,0,0,0,1,0,0,0,0,1,0
877,1,0,12,2,4,5,2,2,1,1,3,1,1,0,0,1,0,0,1,1,0,0,0,0,0,1,0,0,0,0,1,1,0
878,2,0,10,1,1,4,3,5,2,4,5,1,1,1,1,1,1,1,1,1,0,1,0,0,0,1,0,0,0,0,0,1,0
879,3,1,7,1,2,2,3,3,1,2,4,1,1,1,0,0,0,0,1,1,0,0,1,0,0,0,1,0,0,0,0,1,0
880,10,0,14,2,2,4,1,4,1,3,4,0,1,1,0,1,1,0,0,1,0,0,1,0,0,1,0,0,0,0,1,1,0
881,0,0,10,1,2,5,4,2,3,4,5,0,0,1,0,1,1,1,1,0,1,0,0,0,0,0,1,0,1,0,0,1,0
882,0,0,13,1,2,4,2,3,1,2,5,1,1,1,1,1,1,0,1,0,0,1,0,0,0,1,0,0,0,0,0,1,0
883,6,0,14,2,4,4,4,4,1,1,4,1,1,0,0,1,0,1,1,1,0,0,0,0,0,1,0,0,0,0,0,1,0
884,2,0,13,1,1,3,4,4,1,3,5,0,1,1,1,1,1,0,1,1,0,1,0,0,0,1,0,0,0,0,0,0,0
885,4,0,11,1,3,4,1,2,1,1,2,1,1,1,0,1,0,1,1,1,0,0,1,0,0,1,0,0,0,0,1,0,0
886,8,0,11,2,3,3,2,2,1,3,3,0,1,1,1,1,0,1,1,1,0,1,0,0,0,1,0,0,0,0,1,0,1
887,0,0,8,2,2,3,3,3,1,1,2,1,1,1,0,0,0,1,1,1,0,0,0,0,0,0,1,0,0,1,0,1,0
888,4,0,9,1,1,4,5,2,1,1,5,0,1,1,1,1,1,1,1,1,0,1,0,0,0,1,0,0,1,0,0,1,0
889,0,0,13,1,2,4,4,4,1,3,5,1,1,1,0,1,1,0,1,0,0,0,0,1,0,1,0,0,0,0,1,1,0
890,0,0,12,1,2,4,4,4,3,3,5,0,1,1,0,1,1,1,1,1,0,0,0,1,0,1,0,0,0,0,0,1,0
891,0,0,14,2,3,3,3,3,2,3,2,0,1,1,0,1,1,0,1,1,0,0,0,0,0,0,0,0,1,0,0,0,0
892,2,0,11,1,4,4,3,4,1,1,4,1,1,1,0,1,1,0,1,0,0,0,1,0,1,0,0,0,0,0,1,1,0
893,0,0,12,1,1,5,4,3,1,1,5,0,0,1,0,1,1,1,1,0,0,1,0,0,0,1,0,0,1,0,0,1,0
894,4,0,15,1,2,4,3,2,1,1,4,1,1,0,0,1,1,0,0,1,0,0,0,1,0,1,0,0,0,0,0,1,0
895,0,0,10,1,2,5,3,4,1,1,5,0,1,0,1,0,1,1,1,1,0,0,1,0,0,0,1,0,0,0,0,0,0
896,2,0,14,1,1,5,3,4,1,2,5,1,1,1,0,1,1,1,1,1,1,0,0,0,1,0,0,0,0,0,0,1,0
897,4,0,15,1,4,4,5,5,1,3,2,1,1,1,1,1,1,1,1,1,0,1,0,0,0,0,1,0,0,0,1,0,0
898,0,1,9,1,2,3,3,1,1,2,4,0,1,1,1,1,1,1,0,1,0,0,0,0,0,0,0,0,1,0,0,0,0
899,28,1,10,1,3,4,4,3,3,4,5,0,1,1,1,1,1,1,1,1,0,0,0,0,0,0,1,0,1,0,0,1,0
900,0,0,17,1,2,5,4,2,2,3,5,1,1,0,0,1,1,1,1,1,0,0,1,0,0,0,1,0,0,0,1,0,0
901,3,0,14,1,1,4,3,5,3,5,5,1,0,1,0,1,1,1,1,0,0,1,0,0,0,0,1,0,0,0,1,1,0
902,2,3,8,2,1,4,5,1,1,1,3,1,1,1,0,1,1,1,1,0,0,1,0,0,0,1,0,0,1,0,0,1,0
903,1,0,16,1,2,4,1,3,1,2,1,0,1,1,1,0,1,1,1,1,0,1,0,0,0,1,0,0,1,0,0,1,0
904,6,0,15,2,4,4,4,2,2,3,3,0,0,1,0,1,0,0,1,1,0,1,0,0,0,1,0,0,0,0,1,0,0
905,0,3,8,1,2,4,3,5,1,1,3,1,0,1,1,1,1,1,1,1,0,0,0,0,0,0,1,0,1,0,0,1,0
906,0,0,13,2,2,4,1,2,2,2,1,0,1,1,0,0,1,1,1,0,0,1,0,0,0,1,0,0,0,1,0,0,0
907,0,0,9,1,1,5,4,1,1,1,1,0,1,1,0,1,1,1,1,0,0,0,1,0,0,0,1,0,0,0,0,0,0
908,7,0,16,1,4,5,3,3,1,1,1,0,1,1,0,1,1,0,1,1,0,0,1,0,0,0,1,0,1,0,0,1,0
909,0,0,11,2,2,5,3,3,1,1,1,1,1,1,0,1,1,1,1,1,0,0,0,1,0,0,1,0,1,0,0,1,0
910,4,0,8,1,1,3,1,3,1,3,5,1,1,1,0,1,1,0,1,0,1,0,0,0,0,1,0,0,1,0,0,0,0
911,8,3,8,3,2,5,4,4,3,3,2,0,1,1,0,0,0,1,1,0,0,1,0,0,0,0,1,0,1,0,0,0,1
912,0,0,14,1,2,4,2,4,1,1,4,0,1,1,1,1,1,0,0,1,1,0,0,0,0,1,0,0,1,0,0,1,0
913,2,0,10,2,3,5,3,3,1,3,4,0,1,0,0,0,0,1,1,1,0,0,0,0,0,1,0,0,0,1,0,1,0
914,0,0,12,2,2,4,5,2,1,1,1,1,1,1,0,1,0,1,1,0,0,1,0,0,0,1,0,0,0,0,0,0,0
915,2,3,7,2,2,5,4,4,1,1,5,1,0,1,1,0,0,1,1,1,0,1,0,0,0,1,0,0,0,0,0,1,0
916,13,1,6,1,2,3,2,4,2,4,4,0,1,1,0,1,1,0,1,0,0,0,1,0,1,0,0,0,1,0,0,0,0
917,10,3,8,2,1,4,5,2,1,1,2,1,0,0,0,1,1,1,1,0,0,0,1,0,0,0,1,0,0,0,0,1,0
918,4,0,13,1,4,1,3,3,5,5,3,1,0,1,1,1,1,1,0,0,0,1,0,0,0,0,1,0,0,0,1,1,0
919,8,0,14,1,1,3,5,5,2,5,4,1,1,1,0,1,0,1,1,0,0,0,0,1,0,0,0,1,0,0,0,1,0
920,0,0,12,1,2,4,3,3,1,2,4,0,0,1,0,1,1,1,1,0,0,1,0,0,0,1,0,0,0,0,1,0,0
921,9,3,10,2,2,3,3,3,5,5,4,0,1,1,0,1,1,1,1,0,0,1,0,0,0,1,0,0,1,0,0,1,0
922,12,1,7,2,2,1,1,4,4,1,1,0,1,1,1,0,1,1,1,1,0,1,0,0,0,1,0,0,0,0,0,0,1
923,6,0,13,2,4,5,3,5,1,1,5,1,0,1,0,1,0,1,1,1,0,0,1,0,0,0,1,0,0,0,1,1,0
924,2,0,8,4,3,4,3,2,1,2,4,0,1,1,0,0,0,1,1,1,0,1,0,0,0,1,0,0,1,0,0,1,0
925,8,2,9,2,1,2,3,3,2,2,2,1,1,1,0,1,1,0,1,0,0,0,1,0,0,0,1,0,0,0,1,0,0
926,4,3,8,2,1,4,4,3,1,3,5,1,0,1,1,0,1,1,1,0,0,0,0,0,0,1,0,0,0,0,0,0,1
927,6,0,7,3,2,5,3,3,1,3,2,0,0,1,0,1,1,1,1,0,0,0,0,0,0,1,0,0,0,0,1,0,1
928,0,0,12,2,4,3,4,3,1,1,1,1,1,1,0,1,1,1,1,0,0,0,0,1,0,1,0,0,0,0,0,1,0
929,0,0,12,2,2,5,4,4,1,1,4,1,1,1,0,1,1,1,1,1,0,1,0,0,0,1,0,0,1,0,0,1,0
930,4,0,8,1,2,4,4,3,2,4,5,0,0,1,0,0,1,1,1,0,0,1,0,0,0,1,0,0,1,0,0,1,0
931,6,0,16,1,4,5,5,4,1,2,5,1,1,1,0,1,1,1,1,0,0,0,1,0,0,0,1,0,1,0,0,0,0
932,0,1,10,3,1,4,4,5,1,2,5,0,0,1,0,0,0,1,1,0,0,1,0,0,0,1,0,0,0,0,0,1,0
933,4,0,8,1,2,4,4,3,1,1,1,1,1,1,0,1,1,0,1,1,0,1,0,0,0,0,1,0,0,0,1,0,0
934,0,0,12,1,1,4,4,2,2,4,5,0,0,1,0,1,0,1,1,0,0,1,0,0,0,1,0,0,0,0,0,1,0
935,4,0,10,1,2,5,2,2,1,1,5,1,1,1,1,1,1,0,0,1,0,1,0,0,0,1,0,0,0,0,0,1,0
936,16,0,11,2,2,3,3,3,1,2,3,1,0,1,1,1,1,0,1,1,0,1,0,0,0,1,0,0,1,0,0,1,0
937,32,0,14,1,2,5,3,3,2,3,1,1,1,1,1,1,1,0,1,1,0,1,0,0,0,1,0,0,0,0,1,1,0
938,8,0,13,1,3,3,4,3,1,1,3,1,1,0,1,0,1,1,1,1,0,1,0,0,0,0,0,0,1,0,0,1,0
939,0,0,14,1,2,4,2,2,1,1,3,1,1,1,0,1,1,0,1,1,0,0,0,1,0,1,0,0,0,0,0,1,0
940,7,0,15,3,1,4,3,3,1,1,4,0,1,1,0,1,1,1,1,0,0,1,0,0,0,1,0,0,0,0,0,1,0
941,6,0,13,2,1,4,3,2,1,1,5,1,1,1,0,1,1,1,1,1,0,0,0,1,0,0,0,1,0,0,0,1,0
942,2,0,8,2,1,4,4,4,2,4,5,1,1,0,0,1,1,0,1,0,0,1,0,0,0,1,0,0,0,0,0,1,0
943,0,0,10,1,4,3,3,3,1,1,3,0,1,1,0,1,1,1,1,0,0,1,0,0,0,1,0,0,0,0,0,1,0
944,8,0,12,1,1,5,4,3,2,4,5,0,0,1,1,1,1,0,1,0,0,0,0,1,0,1,0,0,1,0,0,0,1
945,5,0,16,1,1,1,4,2,2,2,1,0,1,1,1,1,1,0,1,0,0,0,0,1,0,0,0,1,1,0,0,1,0
946,18,0,13,1,1,4,4,4,3,4,3,0,1,1,0,1,1,0,0,0,0,0,0,1,0,0,1,0,1,0,0,1,0
947,0,0,10,2,1,4,5,5,1,3,2,1,0,1,1,0,0,1,1,0,0,1,0,0,0,0,1,0,0,0,0,1,0
948,0,0,11,1,2,5,3,3,1,1,5,1,1,1,0,0,1,0,1,0,0,0,0,0,0,0,0,0,0,0,1,0,0
949,4,0,11,1,2,4,3,4,1,2,5,0,1,0,0,1,1,1,1,1,0,1,0,0,0,0,1,0,0,0,0,0,0
950,0,0,16,1,4,4,3,3,1,1,3,0,1,1,0,1,1,1,1,1,0,1,0,0,0,1,0,0,0,0,1,0,0
951,8,0,13,3,3,4,2,3,1,1,1,0,1,1,1,1,1,1,1,1,0,1,0,0,0,0,1,0,0,0,1,0,0
952,0,1,6,2,2,1,1,1,1,1,5,1,1,0,0,0,1,1,1,1,0,1,0,0,0,1,0,0,0,0,0,1,0
953,1,0,9,3,2,3,4,5,1,2,1,0,1,1,0,0,0,1,1,1,0,1,0,0,0,1,0,0,0,0,0,0,0
954,2,0,13,2,2,5,3,3,1,1,1,1,1,1,0,1,1,1,1,1,0,0,0,1,0,0,1,0,1,0,0,1,0
955,12,1,14,1,3,5,4,3,1,2,5,0,1,0,0,1,0,1,0,1,0,0,1,0,0,0,0,0,1,0,0,0,1
956,4,0,7,1,4,4,3,3,1,2,5,0,1,1,0,1,1,1,1,1,0,0,1,0,0,1,0,0,0,0,0,1,0
957,0,0,18,2,3,5,3,2,1,1,4,0,1,1,0,0,1,0,1,1,0,0,0,0,0,0,1,0,0,0,0,0,0
958,0,0,10,2,2,4,3,3,1,1,5,0,1,0,0,0,0,1,1,0,0,1,0,0,0,1,0,0,0,0,0,0,0
959,5,0,18,1,3,4,3,3,1,2,2,0,1,1,0,1,1,1,1,1,0,0,0,0,0,0,0,0,0,1,0,1,0
960,12,1,13,1,1,5,3,4,1,1,5,0,1,0,0,1,1,1,0,1,0,1,0,0,0,1,0,0,1,0,0,1,0
961,0,0,7,2,3,4,4,4,1,1,3,0,0,1,1,1,1,1,1,1,0,1,0,0,0,1,0,0,0,0,0,0,1
962,4,2,15,2,3,5,4,3,1,1,3,0,0,1,1,0,1,1,1,1,1,0,0,0,0,1,0,0,0,0,0,0,1
963,0,0,13,1,2,4,5,2,1,1,5,1,1,1,1,1,0,1,1,0,0,0,0,1,0,0,0,0,0,0,0,1,0
964,2,0,9,1,1,5,5,5,3,2,5,0,1,1,0,1,1,1,1,0,0,0,1,0,0,0,1,0,1,0,0,0,0
965,0,0,14,2,1,5,4,5,1,4,2,1,1,1,0,0,0,0,1,1,0,1,0,0,0,1,0,0,0,0,1,1,0
966,0,1,6,1,3,4,3,4,1,1,5,1,1,0,1,1,1,1,1,1,0,0,0,0,0,1,0,0,0,0,1,1,0
967,0,0,15,1,3,4,4,3,1,2,5,0,1,1,0,0,1,0,1,0,0,1,0,0,0,0,1,0,1,0,0,1,0
968,6,0,12,1,1,5,2,1,1,2,3,0,1,0,0,1,0,0,1,1,0,0,1,0,0,1,0,0,0,1,0,1,0
969,2,0,11,1,2,4,2,3,2,2,2,1,1,1,0,1,1,0,1,1,0,1,0,0,0,1,0,0,1,0,0,0,0
970,0,0,15,2,3,3,2,3,1,2,3,1,1,1,1,1,1,1,0,1,0,1,0,0,0,1,0,0,0,0,0,1,0
971,2,0,12,2,2,5,3,3,1,2,1,1,1,1,0,1,1,1,1,1,0,0,1,0,0,1,0,0,0,0,0,1,0
972,4,0,14,2,3,4,3,3,1,2,4,0,0,1,1,1,1,1,1,1,0,0,0,1,0,0,0,1,0,0,0,1,0
973,0,2,10,1,2,4,4,4,1,3,5,0,1,0,1,1,1,0,1,0,0,0,1,0,0,1,0,0,0,0,0,1,0
974,0,0,14,3,2,4,3,3,2,3,4,0,1,1,0,1,1,0,1,1,0,0,1,0,0,0,1,0,0,0,0,1,0
975,2,0,9,1,3,4,2,2,1,1,5,1,1,1,0,1,1,1,1,1,0,0,0,1,0,0,1,0,0,0,0,1,0
976,2,0,5,1,4,5,5,5,5,5,5,1,1,1,1,0,1,0,1,0,0,0,0,0,1,0,0,0,1,0,0,1,0
977,6,0,16,2,3,4,2,2,1,1,4,1,1,1,1,0,0,1,1,1,0,0,0,1,0,0,0,1,0,0,0,1,0
978,0,1,9,3,2,4,3,3,1,1,4,1,1,0,1,0,0,1,1,1,0,0,0,0,0,1,0,0,0,0,0,1,0
979,0,1,6,1,1,5,4,4,2,2,5,0,0,1,0,0,0,1,1,1,0,1,0,0,0,1,0,0,0,1,0,0,0
980,2,0,14,2,2,4,4,4,1,3,1,0,1,1,0,1,1,0,1,1,0,1,0,0,0,1,0,0,0,0,1,1,0
981,2,0,12,2,2,1,2,3,1,2,5,0,1,0,1,0,1,0,0,1,0,0,1,0,0,1,0,0,0,0,1,1,0
982,2,0,16,1,2,4,2,3,1,1,5,0,1,1,0,1,1,1,1,1,0,0,1,0,0,1,0,0,0,0,0,1,0
983,8,0,18,1,1,3,5,5,2,5,4,1,1,1,0,1,0,1,1,0,0,0,0,1,0,0,0,1,0,0,0,1,0
984,0,0,14,2,3,5,3,3,1,3,4,0,1,0,0,0,0,1,1,1,0,0,0,0,0,1,0,0,0,1,0,1,0
985,0,0,11,1,1,4,3,2,3,4,5,1,1,1,0,1,0,1,1,0,0,0,1,0,0,0,1,0,0,0,1,1,0
986,0,0,13,1,2,4,2,4,2,4,1,1,1,1,0,1,1,1,1,0,1,0,0,0,0,1,0,0,0,0,1,0,0
987,23,0,13,1,2,5,2,2,1,2,5,0,1,1,1,1,1,1,0,1,0,0,1,0,0,0,1,0,0,0,0,1,0
988,2,0,12,1,2,5,3,3,1,1,5,1,1,1,0,1,1,0,0,0,0,0,1,0,0,1,0,0,1,0,0,1,0
989,0,0,9,1,2,4,4,2,3,3,2,0,0,1,0,0,1,1,1,1,0,0,0,0,0,1,0,0,1,0,0,1,0
990,75,0,10,2,2,4,1,1,1,1,5,0,0,1,1,1,0,1,0,1,0,1,0,0,0,0,1,0,1,0,0,1,0
991,0,0,9,1,2,4,3,5,2,4,4,0,1,1,0,1,1,1,1,0,0,1,0,0,0,1,0,0,0,0,0,0,0
992,4,0,15,1,3,5,3,2,1,2,4,0,1,1,1,1,0,1,1,0,0,0,0,1,0,0,1,0,0,0,0,1,0
993,6,0,9,2,1,4,3,2,1,4,5,0,1,0,0,1,1,1,1,1,0,0,0,0,0,1,0,0,1,0,0,1,0
994,2,0,13,2,2,5,3,3,1,3,4,1,1,1,0,1,1,0,1,0,0,0,1,0,0,0,1,0,1,0,0,1,0
995,4,0,11,2,2,4,5,2,1,1,1,1,1,1,0,1,0,1,1,0,0,1,0,0,0,1,0,0,0,0,0,0,0
996,0,0,11,1,1,5,4,2,1,1,5,0,1,1,0,1,1,1,1,0,1,0,0,0,1,0,0,0,0,1,0,0,0
997,0,0,9,1,1,4,3,3,2,3,3,0,1,1,1,0,1,0,1,0,0,0,0,0,0,0,1,0,0,0,0,1,0
998,0,0,19,2,3,5,4,4,1,1,1,0,1,1,0,0,0,0,1,1,0,1,0,0,0,1,0,0,0,0,1,1,0
999,0,0,6,1,1,1,4,4,1,1,5,0,1,0,0,0,1,0,0,1,0,0,0,0,0,1,0,0,0,0,0,1,0
1000,4,0,10,1,3,3,2,3,1,1,4,1,0,0,0,1,1,1,1,1,0,1,0,0,0,1,0,0,1,0,0,1,0
1001,0,0,11,1,2,5,4,3,1,1,1,1,1,0,1,0,0,0,1,1,0,1,0,0,0,0,1,0,0,0,0,0,0
1002,2,0,9,3,1,5,5,3,1,1,3,1,1,0,1,0,0,1,1,1,0,0,0,0,0,1,0,0,0,0,0,1,0
1003,0,0,8,1,1,3,3,4,2,3,5,0,1,1,0,1,1,1,1,1,0,0,1,0,0,0,1,0,0,0,0,1,0
1004,0,0,14,1,1,4,5,4,1,1,4,1,1,1,1,0,1,1,1,1,0,1,0,0,0,1,0,0,0,0,1,1,0
1005,2,0,12,1,1,4,2,2,1,2,5,0,1,1,0,1,1,1,1,0,0,1,0,0,0,1,0,0,1,0,0,1,0
1006,4,1,7,2,2,4,3,3,1,1,3,0,1,1,1,0,0,1,1,1,0,0,0,0,0,1,0,0,0,0,0,0,1
1007,5,0,10,1,2,5,3,2,1,3,2,0,1,0,0,0,0,0,0,0,0,0,0,0,0,1,0,0,1,0,0,1,0
1008,0,0,16,2,1,4,3,2,1,1,5,1,1,1,0,1,1,1,1,1,0,0,0,1,0,0,0,1,0,0,0,1,0
1009,4,0,6,1,2,4,3,4,1,4,4,1,0,1,0,1,1,1,1,0,0,1,0,0,0,1,0,0,0,0,1,0,0
1010,2,0,14,1,2,3,3,3,1,2,2,0,1,1,0,1,1,1,1,1,0,0,0,1,1,0,0,0,0,0,1,1,0
1011,12,0,11,1,2,2,3,5,1,4,3,0,1,1,0,1,1,0,0,1,0,1,0,0,0,0,1,0,1,0,0,1,0
1012,2,0,9,1,4,4,5,5,2,4,5,1,1,1,0,1,1,0,1,0,0,1,0,0,0,1,0,0,0,0,0,1,0
1013,2,0,10,2,2,5,4,4,2,4,5,1,1,1,0,1,1,0,1,0,0,1,0,0,0,1,0,0,0,0,1,1,0
1014,21,0,13,1,1,5,3,2,1,2,3,0,1,1,0,1,0,1,1,1,0,1,0,0,0,1,0,0,0,0,1,1,0
1015,9,1,7,1,2,4,3,2,1,1,5,0,1,1,1,0,0,1,1,1,0,0,0,0,0,1,0,0,0,1,0,1,0
1016,0,0,11,2,2,4,3,2,1,3,3,0,1,1,1,0,1,1,1,1,0,0,1,0,0,0,1,0,0,1,0,1,0
1017,6,0,10,2,4,5,3,5,1,1,5,1,0,1,0,1,0,1,1,1,0,0,1,0,0,0,1,0,0,0,1,1,0
1018,2,0,11,1,1,4,2,5,2,5,5,1,1,1,0,1,1,1,1,1,0,0,0,0,0,1,0,0,0,0,0,1,0
1019,0,0,8,1,2,4,3,3,1,1,2,1,0,1,1,1,1,0,1,1,0,1,0,0,0,1,0,0,1,0,0,0,1
1020,2,0,12,1,2,4,3,4,1,3,5,0,0,1,1,1,1,0,0,1,0,1,0,0,0,1,0,0,0,0,0,1,0
1021,8,0,9,3,1,3,3,4,3,5,3,1,1,1,0,1,0,0,1,0,0,0,0,1,0,1,0,0,1,0,0,0,0
1022,0,1,7,3,1,5,2,1,1,2,1,0,1,1,1,0,0,1,1,1,0,1,0,0,0,0,1,0,0,0,1,1,0
1023,18,0,9,2,2,3,4,2,1,1,5,0,1,1,0,1,1,0,1,0,0,1,0,0,0,1,0,0,1,0,0,1,0
1024,0,0,14,1,2,4,4,2,1,1,3,0,1,1,1,1,1,1,1,1,1,0,0,0,1,0,0,0,0,0,1,1,0
1025,1,0,14,3,2,5,3,4,1,1,2,1,1,1,0,0,0,1,1,1,0,1,0,0,0,0,1,0,0,0,0,0,0
1026,0,1,5,2,1,5,5,5,2,3,2,0,1,0,0,0,1,1,1,1,0,0,0,0,0,0,1,0,0,1,0,0,0
1027,0,2,11,1,1,2,3,5,2,5,4,0,1,1,1,1,1,0,1,0,0,1,0,0,0,1,0,0,0,0,0,1,0
1028,0,0,17,1,4,5,2,2,1,2,5,1,0,1,0,1,1,1,1,1,1,0,0,0,1,0,0,0,0,0,1,0,0
1029,0,0,8,4,2,5,3,5,1,5,5,1,1,0,1,1,0,0,1,0,0,1,0,0,0,0,1,0,0,0,0,1,0
1030,0,0,12,1,2,4,4,4,1,1,3,0,1,1,0,1,1,0,1,0,0,1,0,0,0,1,0,0,1,0,0,1,0
1031,2,0,12,1,2,4,2,3,1,2,3,1,1,1,1,1,1,1,1,0,0,0,1,0,0,1,0,0,1,0,0,1,0
1032,14,1,10,2,2,4,3,3,2,2,5,1,1,1,0,1,1,0,1,1,0,1,0,0,0,0,0,0,0,0,0,0,0
1033,5,0,12,3,1,2,5,5,1,1,1,1,1,1,1,0,0,1,1,0,0,0,0,0,0,0,1,0,0,1,0,1,0
1034,6,1,12,1,1,4,4,4,3,5,5,1,1,0,1,1,1,0,1,0,0,0,0,0,0,1,0,0,0,0,0,1,0
1035,2,0,16,3,2,5,4,3,1,2,1,1,1,1,0,1,1,0,1,1,0,0,0,1,0,0,1,0,0,0,0,1,0
1036,2,0,11,1,2,2,3,3,2,2,4,0,1,1,0,1,1,1,0,1,0,0,1,0,0,1,0,0,0,0,0,1,0
1037,4,0,13,1,2,4,5,4,1,1,1,0,1,1,1,0,0,1,1,1,0,0,1,0,0,1,0,0,0,0,1,1,0
1038,0,0,13,1,2,4,4,4,1,1,3,0,1,1,0,1,1,0,1,0,0,1,0,0,0,1,0,0,1,0,0,1,0
1039,8,2,10,2,3,4,2,1,2,3,3,1,1,1,1,1,0,1,1,1,0,0,1,0,0,0,1,0,0,0,1,0,1
1040,4,0,10,1,2,5,4,2,1,1,5,1,1,1,1,1,0,1,1,0,1,0,0,0,0,0,1,0,0,0,1,1,0
1041,0,0,16,3,2,5,3,2,1,1,1,0,1,0,0,0,0,0,1,1,0,0,0,0,0,1,0,0,0,0,0,0,0
1042,4,0,9,4,1,3,2,1,1,1,2,0,1,0,0,1,1,1,1,0,0,0,0,0,0,1,0,0,0,0,0,1,0
1043,14,1,12,3,2,5,2,4,1,4,5,1,1,1,0,1,0,1,1,0,0,1,0,0,0,1,0,0,0,0,0,0,0
